,A,B,C,D
2000-01-01,1.616198911491247,0.6217961311300627,0.764537501394651,0.29431953114521914
2000-01-02,3.108821409686519,0.30554075383598395,1.3571673635334283,1.4778629222699124
2000-01-03,1.9185021554255044,0.20021111752066284,-0.5043529489190888,1.4820987118078501
2000-01-04,2.717373286119814,0.6842495235896897,0.6790379247114382,0.06543490977340749
2000-01-05,2.153732735567216,-0.021748237861277553,2.4658398274434337,1.4743651512820362
2000-01-06,2.4575399352000176,-0.9726766593809155,2.6425371530565305,0.6946547800811887
2000-01-07,3.012550318895788,-0.7432983866924783,1.948239111935586,0.4009067171077518
2000-01-08,3.9875210574835562,0.4484188562968654,2.7775881864722054,0.14121318161295293
2000-01-09,5.463051083799846,1.3010051478011575,3.234213821568292,-2.3294482566224
2000-01-10,5.662228828081425,2.4900052184292303,1.9780314339369394,-1.1067212203169563
2000-01-11,6.821493315120723,4.18578061620923,1.988082416486131,-0.7738710885537308
2000-01-12,7.316486527271342,2.220181705743954,1.4048516263299686,-2.2284305123365504
2000-01-13,7.033063799181503,1.9731371522417418,-0.0287549258362938,-3.3231793302248427
2000-01-14,7.707576739493929,1.5145741600425247,-1.9908302471254695,-3.6172825050072057
2000-01-15,8.761043930352507,1.494127536975023,-1.292980687556116,-3.165573840593315
2000-01-16,8.426077277646785,1.4750808711849526,-0.9438229363309616,-1.2332636986370622
2000-01-17,8.723356099791854,1.6221879852553898,0.5478935141552796,-2.4718952942037173
2000-01-18,10.103871321229882,0.5624046037617529,-0.8365811963332686,-1.4789084364395848
2000-01-19,10.103883582545057,-0.3321103849402395,-1.5862960876885144,-0.7363969970410055
2000-01-20,9.58349857542336,0.0487333839028351,-0.831162601742736,-0.6057343830546843
2000-01-21,10.786199672275487,-0.9636015538402215,0.45309445570140183,-1.210083724201439
2000-01-22,9.169115092398474,-0.10541506917445764,-0.08629349640503015,-0.43193662121110643
2000-01-23,10.350571260787621,0.3216561980765743,-0.6330929945799814,-1.195278785721164
2000-01-24,10.887798165171706,-0.5254143017414904,-0.3121681129423993,0.10689474084954775
2000-01-25,10.54647958637447,-2.2946825818742558,-0.1428661987712246,0.6369837229174958
2000-01-26,9.949218027470744,-2.292423595474827,0.7920379047435099,2.2282036540537145
2000-01-27,10.333475627086925,-1.525132426749429,0.5082503476019022,1.6426710000518745
2000-01-28,11.03464889680775,-4.202998067628407,1.5324645167516038,1.4183884245890064
2000-01-29,10.822325285537934,-5.869324376198682,1.342426912764317,1.506664433614815
2000-01-30,11.043500656980132,-5.609862407820379,1.115297417460991,2.372959686538133
2000-01-31,10.945926702331398,-5.625274975135896,1.7843830184011364,1.5730792115167604
2000-02-01,9.380877477511604,-4.251464667275661,2.6570677361008577,0.5244395701827227
2000-02-02,10.069087564772987,-3.280395465392761,2.313874234016134,1.11291784406292
2000-02-03,9.170835246272208,-2.158799181300523,2.3165610878293754,-0.8601935103187084
2000-02-04,7.867124068618958,-2.021871446382462,1.8378906076522568,-0.34359844128722616
2000-02-05,7.697074467862913,-3.6623611163455716,3.2000815353511696,0.05071969144426475
2000-02-06,8.512232758719584,-2.511670511301845,2.8702542911539886,0.4567447857910194
2000-02-07,7.2076484042810165,-2.8152550899203974,4.053005768910407,0.1985507854108764
2000-02-08,8.300308110807546,-2.881646290069371,2.767558154989644,1.1276376586535484
2000-02-09,7.936953182796081,-3.0073214876665877,5.768743012325437,2.847322969146597
2000-02-10,8.538847407794242,-1.7219736146929423,5.50164823969385,4.456380986766934
2000-02-11,8.662475760699735,-1.3954369545160474,6.1741019113510305,3.7130953103626054
2000-02-12,9.640415763283475,-1.470089518079064,6.418050314772892,2.1210128736422247
2000-02-13,8.53794989821002,-1.776432419283521,6.587280130682476,3.3238445003822923
2000-02-14,7.872498031868894,-0.15788923265332855,7.813903564442665,4.206849865178515
2000-02-15,7.578136655838236,-0.14821635398081678,8.947443468607561,3.2255012451748297
2000-02-16,7.452462015867448,-0.7086728651617434,8.186578222862673,2.8414131675510186
2000-02-17,8.224839262234665,-0.6122599134565123,7.82359055090727,2.9621106279609086
2000-02-18,6.669060857048977,-1.6220672487515881,7.742520555947557,6.330858913112345
2000-02-19,7.919187327031544,-1.3118569996605052,7.663064252806521,7.371105971450617
2000-02-20,7.3767666013894075,-0.588474508313597,8.202476579612785,8.06282906294311
2000-02-21,5.3661404280277205,-0.30316409886974766,8.330851782543764,8.319476078985115
2000-02-22,6.65392292455744,-1.2116694761073985,7.457575319651339,6.886800636671322
2000-02-23,8.062368795615157,-1.2632502417387228,6.803063527915005,7.213115844065729
2000-02-24,8.393962666440812,-0.16601009345486095,6.121154420617044,6.842176625988438
2000-02-25,6.745131714384785,0.7851797426506794,5.874220913393276,7.035677036116464
2000-02-26,7.555458097289231,0.07992199598035221,5.455475779332835,7.34809765954703
2000-02-27,6.600641603606504,0.2886617870200868,4.046689444937473,8.027893452925891
2000-02-28,7.487937442067453,1.4757105211895247,3.127448101409599,8.80464862400542
2000-02-29,7.58488817760042,1.1634792701271175,2.0641603547177896,6.884731112892803
2000-03-01,8.120461188980233,2.31495358074676,4.918836745390805,7.251438866365185
2000-03-02,6.252892804455579,4.235506267482636,4.970016046331069,6.234313319919927
2000-03-03,5.796903247943571,2.853133722091865,4.682257704221979,7.03528751871324
2000-03-04,5.355730652260191,2.74351971398821,5.069670628057736,6.968363503265298
2000-03-05,7.9810082823192845,3.153368780114171,4.863667668835953,8.676631329145867
2000-03-06,6.191413093962722,1.7994312362598612,4.968791401836804,9.552642650939022
2000-03-07,7.462837251103011,2.4233945921076785,5.2261556151991515,11.493173178496315
2000-03-08,7.565650407319473,2.516641005984566,4.420944616220963,12.363114383672253
2000-03-09,7.093108254201146,1.9786408798236146,4.707335862821429,13.23895223786954
2000-03-10,5.096355054954527,-0.2652122501161578,4.368834314454571,11.903396611265324
2000-03-11,3.7506819811692345,-0.06321101679298746,4.955096464249807,8.227134861484819
2000-03-12,3.0286277140276576,-0.0769012549163766,6.446359853584847,9.191035981997672
2000-03-13,3.3982479520338766,-0.1394036205872502,5.438677081475419,9.309679670351295
2000-03-14,2.182074173956884,-0.5443182982534621,7.524099186001916,9.911258165905057
2000-03-15,0.7695346315135274,-1.3624143683747167,7.164722485532984,9.000889081020851
2000-03-16,0.4805206065045801,-0.8354075593137008,8.465721986320185,9.444331972589612
2000-03-17,-0.026512809245338664,-3.7694211774851847,9.07760943740179,9.503092670789519
2000-03-18,0.28954904732946,-2.126183889792072,9.802230811632423,10.183210748539027
2000-03-19,0.48611647227091415,-3.337648939632627,11.048265502051827,8.611091310932984
2000-03-20,1.3039981593138839,-3.772034705631959,11.338884359402911,8.891697604141426
2000-03-21,0.3872986708654642,-3.3591742839743497,12.1808214182771,9.690027128583491
2000-03-22,1.3650726173683598,-2.999111570126124,13.303942327947157,9.52026950598844
2000-03-23,0.03270898897939656,-3.5597370069717664,12.997748291248037,10.541121993899665
2000-03-24,0.06806296909649043,-3.2316241439464326,11.903533515914495,10.935443229098297
2000-03-25,-0.2950567793857922,-2.568054378836157,10.98754148134616,9.327899694613784
2000-03-26,-0.29852322135038084,-3.5225850519638575,11.097875953634484,10.02958928272031
2000-03-27,-0.5054942468864919,-5.173673040562655,11.543909687165911,11.617335229512921
2000-03-28,-1.5525954349670266,-3.3543067637260506,10.72634917621572,12.72429724841647
2000-03-29,-2.2406411854557815,-3.6052280908687906,13.29529747862551,13.58276787894909
2000-03-30,-1.126210990088155,-4.114841526598773,12.396596637000206,14.248504333349464
2000-03-31,-1.2793462762335526,-1.9703708328961556,12.105657769740562,14.215248424632854
2000-04-01,-2.854013818577255,-1.9193497718062171,11.936523187080368,14.519181125889842
2000-04-02,-4.358688507288853,-2.7323903234598874,10.52626651048875,16.958849072749807
2000-04-03,-5.09583534784743,-1.962469043143448,10.06432039611113,18.158291873972125
2000-04-04,-6.171307061139604,-0.14303365902874465,9.94575612422841,18.63433272326674
2000-04-05,-6.287012464921628,0.33175945610616103,10.533118419668044,17.116449080554847
2000-04-06,-8.17834318700495,0.776568727103491,9.221598394413208,16.75128620675441
2000-04-07,-8.095236566846598,-0.8520372190287805,9.019914795061664,16.86827483218603
2000-04-08,-8.148477675305584,-0.6364489878465709,9.760523085204799,17.538716535120834
2000-04-09,-7.352810489468258,-1.5054873469178705,8.078301743745147,18.645109252492556
2000-04-10,-9.2715242279013,-1.9949960941622693,9.397189953450585,18.90108395320534
2000-04-11,-10.589969486666094,-2.985344692545261,8.077672589217762,19.334983374719755
2000-04-12,-11.186125281824205,-2.7318401359379045,7.152048100639048,19.006797475711362
2000-04-13,-12.510812819479195,-3.879235743689316,6.467087452827246,17.94194087129417
2000-04-14,-12.433196289151441,-3.469035372198444,7.642328883879047,17.371921250450406
2000-04-15,-12.896173627770857,-3.369227935638794,7.12491430815515,17.44253106762778
2000-04-16,-15.047536883545924,-4.035778149467445,7.116896776220223,16.18623097159157
2000-04-17,-13.88476327369401,-3.304435950151482,7.878119266571332,17.903959104920936
2000-04-18,-13.683330302140158,-4.558145622732935,8.962691878720749,16.39144606759165
2000-04-19,-13.84449853083965,-5.242697807544533,8.793496709671686,18.32553263557244
2000-04-20,-13.592220435917586,-5.836943704446349,9.396642583056176,18.46735900847687
2000-04-21,-12.780926112264167,-5.558810716630893,9.0732688311812,18.344867612854433
2000-04-22,-13.07548700398979,-5.297645637409022,10.076037490927167,16.015953786377246
2000-04-23,-12.877747037949085,-4.811430810805403,10.114214243634756,16.22078590352005
2000-04-24,-11.574387869041983,-6.992741705843588,8.972830921042258,16.085244399505807
2000-04-25,-9.725799165086132,-5.42371318641571,8.200633012732723,17.56185399623633
2000-04-26,-9.916043080103467,-5.471139989534736,6.728604251763086,17.951712318069735
2000-04-27,-10.289989514995035,-5.854543584675482,7.362519253486409,18.44589046129161
2000-04-28,-10.774496884279065,-7.5860359742858465,6.767241628537448,19.256974950315694
2000-04-29,-10.897045182849585,-7.426050071693728,9.077128407701212,20.74745610555061
2000-04-30,-10.265121996969636,-7.07004741616516,10.134414055520626,20.837609215821836
2000-05-01,-11.100099931632686,-6.966475575910304,10.61236202690217,22.33913023904964
2000-05-02,-8.162931046447722,-6.7756598709578695,10.24251370944192,22.50514151478995
2000-05-03,-8.414282305720665,-7.288923603535977,8.948631068102399,20.63028790394542
2000-05-04,-9.521400896728341,-6.514723603505825,8.486011521617739,22.247344040230455
2000-05-05,-9.740319584424814,-5.2121015377275475,8.430796605612917,23.613205716929215
2000-05-06,-8.976424425329752,-5.01507421617829,8.075421278767617,23.621006548963624
2000-05-07,-7.8030635025507085,-4.276374151549144,9.88432295962133,20.271903831507103
2000-05-08,-8.044228026208307,-4.572192316353069,9.779772276667828,20.156171669617734
2000-05-09,-6.9228244497715465,-4.639863996550079,9.232806508359522,21.28112054625339
2000-05-10,-7.2772337985487505,-4.042232025133826,8.645592816575677,20.144230981204835
2000-05-11,-7.858999300894385,-5.698937515932882,8.806636316638036,20.529797290100607
2000-05-12,-7.174259931523552,-5.344729064521429,10.07257890987131,20.619519017249008
2000-05-13,-8.849183304705567,-7.229517384531346,8.691497551443083,21.209227700948937
2000-05-14,-9.764491772020996,-7.7430753203809,8.28361451751218,19.65468762383272
2000-05-15,-9.397022951600247,-8.190361606019776,8.46313796466426,19.02402524076023
2000-05-16,-10.464001788363445,-8.354942442064612,7.266974169201217,17.063239435572914
2000-05-17,-9.799636304637628,-8.134325781824625,7.427063647478258,16.712521379635053
2000-05-18,-10.836695027618537,-8.203108525955262,9.240005475392838,15.364261086462703
2000-05-19,-10.576380103636033,-7.669904155456067,7.6633574035193535,14.764679044324206
2000-05-20,-10.523802221139572,-9.131150777174836,9.218881780618375,16.36859146213425
2000-05-21,-11.020054789069947,-9.97964567261851,9.527645111222222,15.243755742116134
2000-05-22,-10.58307911162524,-11.338249939085216,10.11339995032042,16.405185655874412
2000-05-23,-10.62741317406446,-12.95619291861606,11.954787787523468,17.294367481816366
2000-05-24,-9.730817900502439,-13.176454354610712,13.83478167008998,16.561976169633365
2000-05-25,-8.972846482469173,-12.319134716349756,12.336019968399672,16.183763458261595
2000-05-26,-7.752691478096516,-12.623017369931153,12.43065103964934,17.677996225092127
2000-05-27,-6.775152026204186,-12.288327647523671,11.77604159244822,19.145397458831972
2000-05-28,-6.760742429704591,-10.981868391335404,10.513072655756755,19.680999348214627
2000-05-29,-6.33668354783621,-11.412313495562659,10.059014714526777,19.691730430632457
2000-05-30,-6.747956408599707,-10.782595165582093,10.786941071026156,16.935604845842185
2000-05-31,-8.09489279407684,-9.78531824147204,11.062197410731507,16.921850164717995
2000-06-01,-6.00472838019007,-7.462734345526858,11.995976697097733,17.304695864512592
2000-06-02,-6.81327661186498,-5.717884978640475,12.09958175304405,18.600084929230647
2000-06-03,-7.48126785333881,-6.183900657258329,11.658441433845585,17.383092996048234
2000-06-04,-8.800957673657566,-5.8004084554694595,11.069322814885709,15.577703405242323
2000-06-05,-9.585323456920852,-7.5866768915515435,11.68915569087902,14.762408449233462
2000-06-06,-9.56488828247437,-7.823786187691974,11.786408045078298,13.943267113235402
2000-06-07,-7.169313892119119,-7.977789729267202,12.583988317944302,13.801963594365466
2000-06-08,-5.8767334932918,-8.2053609298127,14.222807809925934,15.689610376806318
2000-06-09,-6.658201569427071,-8.629085368933682,14.128658881871724,16.3540197022489
2000-06-10,-6.961884227467224,-8.381643313535285,16.134223031975765,15.443447173936427
2000-06-11,-7.7239667966940475,-8.949396256710415,16.868077781232188,16.081648094658874
2000-06-12,-8.27048267734352,-9.230248462936975,17.315058975247567,15.40393711888681
2000-06-13,-8.46569443156648,-8.79997160827958,17.95530814559048,15.191975771346492
2000-06-14,-8.070857230482837,-8.995714852238606,16.255529604028354,13.784211699853913
2000-06-15,-6.587520773679319,-8.508484027961295,15.632375682486835,14.077428719152364
2000-06-16,-6.923280590312381,-6.483671876657374,15.505177904763805,14.079800538023573
2000-06-17,-7.068355808924412,-6.03292845805734,13.708353669193544,13.778381529976103
2000-06-18,-5.577273999113504,-6.875292971574037,13.22206736794392,12.951265669532164
2000-06-19,-6.169840109672109,-6.6704437377788866,13.516889945863353,12.02419421366474
2000-06-20,-5.758644206826919,-5.512609621854966,13.147261542369618,11.73140471696982
2000-06-21,-5.206537439804412,-5.3105005894389175,14.47678668422672,9.100410746779424
2000-06-22,-6.853331665379702,-5.950798685743614,14.0836244211584,7.063101290001978
2000-06-23,-5.608604918560712,-6.160168810647703,12.556860155474423,7.892363997057442
2000-06-24,-4.144862965379355,-6.843654904166693,12.081739575853103,7.010672968952282
2000-06-25,-4.202094017301384,-7.054016932570344,12.528468620421059,7.283379555590866
2000-06-26,-5.521861781915384,-7.318632525213347,11.672336928281528,6.950158526683165
2000-06-27,-5.6805531915159015,-6.370933086016935,11.726337168587314,6.7443654832138575
2000-06-28,-4.6065886110377345,-7.236067064085396,11.404439827157521,9.089444133717103
2000-06-29,-4.208701103577963,-9.23433898386044,12.610281211105594,8.568330417622711
2000-06-30,-5.5953831669341945,-9.403138547259797,12.56271333162327,10.173840709859352
2000-07-01,-5.919415453903812,-10.547953165052443,11.80895982573665,9.493359972045809
2000-07-02,-6.610499718556501,-10.106047252311239,10.952675809310424,9.132778525680033
2000-07-03,-5.345819769259699,-8.772823015398817,10.990587475598073,11.240038811787224
2000-07-04,-6.017644381617482,-10.16006545560585,9.827026090346155,11.075335535882818
2000-07-05,-4.723340006995505,-9.448645408902138,10.70555697341447,10.866739943851197
2000-07-06,-5.774716651482191,-9.661041845734776,11.262734499109671,10.708628195590224
2000-07-07,-5.307453055574191,-8.898960864798978,12.269131992358144,9.681115370150465
2000-07-08,-5.387489396158463,-9.87651691909597,11.954680227947449,9.716212306032427
2000-07-09,-7.354584300261874,-10.146326385933618,13.298394895531665,10.895966494300847
2000-07-10,-6.626026336449754,-10.226982275889375,13.82172102045715,10.89923214919765
2000-07-11,-6.608566500282343,-11.695680852829398,13.95050337339453,11.270522237232411
2000-07-12,-7.493686919553397,-12.953681024773575,13.044645124179466,10.631296535945367
2000-07-13,-7.972722135759424,-11.897059372443065,12.935041614447625,9.286648414453976
2000-07-14,-8.251758775764314,-11.905816406274859,13.065321244520623,9.67910900889861
2000-07-15,-7.028345923028479,-10.379702423585362,14.949746567379695,9.638775703738283
2000-07-16,-7.2055464891182845,-9.571210976776872,13.447477837010416,10.479903876416069
2000-07-17,-8.104017448909566,-10.250385096515503,12.649992183310095,9.90786490762949
2000-07-18,-6.656221972533697,-10.816872375099752,13.435759953118685,9.17317890452494
2000-07-19,-6.681053065506007,-10.277102086383586,11.059955969315446,7.857128360513072
2000-07-20,-6.552903197381662,-10.44898253090922,13.059675141801716,6.015537375944883
2000-07-21,-5.419149165941837,-10.913398082372453,12.682994308523513,6.4561939169853275
2000-07-22,-6.256871476172115,-9.976335881456205,14.357470640668156,5.785018316117162
2000-07-23,-6.305856958730933,-10.384683061988275,14.262785076305411,5.462397132272794
2000-07-24,-4.9793004549231075,-11.702403793482173,13.25429597990881,7.6248935038438725
2000-07-25,-5.25587943923222,-12.160486987571081,12.75301463852427,8.995369488161016
2000-07-26,-5.215828908661729,-11.461462099150436,11.848450783192511,8.368771248709669
2000-07-27,-4.51169151283346,-10.84874775687684,12.81202670257284,8.66486023042156
2000-07-28,-5.05159835281825,-10.667768148819999,12.79878578190766,8.921257990874663
2000-07-29,-5.038631879530085,-11.115544294447142,14.340633959880602,10.572360689926937
2000-07-30,-3.45919039474983,-11.449520751190164,12.481565038174056,11.098508890755621
2000-07-31,-3.798167667814732,-10.43332282881705,12.58108195633067,10.784062230900266
2000-08-01,-3.092289786839949,-10.93322137038008,11.844467269164664,12.833578723445273
2000-08-02,-1.968451358848622,-9.840443660023498,13.423154199756551,13.282014548917461
2000-08-03,-1.9022462898881454,-11.385488498688876,13.378166655284739,12.101172168601861
2000-08-04,-0.14965546821629427,-12.103517057336106,12.36605914405462,12.699828372691195
2000-08-05,-0.3635383088810349,-11.648698700056228,11.792154935188417,13.40782999085374
2000-08-06,-0.4066487924577426,-12.353334009563103,11.015667034628734,13.465645477371961
2000-08-07,-0.7285728370383853,-11.526966755503825,11.40060248352252,14.504414064431062
2000-08-08,-0.9876678064698369,-13.182468243718182,12.81872777945674,14.669352071727065
2000-08-09,-0.3483171612108188,-12.9350422573615,12.156777471261341,15.577059630497166
2000-08-10,-1.7378540981552328,-12.693664002151237,11.003521291286905,15.75738855625655
2000-08-11,-0.46832921574912256,-11.187773149257325,10.861649734674616,16.425601924439995
2000-08-12,-0.9780987388438228,-11.95060252574416,10.577742350673795,15.746455270480725
2000-08-13,-0.19797139994270596,-10.616878792810896,10.846947428477586,14.877826200852494
2000-08-14,0.77127968091633,-7.993944949904787,12.622703734832381,13.905732106636309
2000-08-15,-1.3787738822920639,-8.976282084738997,14.048721351675031,12.769918200108442
2000-08-16,-1.5861578054007446,-8.361219997345238,13.248634217513333,11.418649503083664
2000-08-17,-1.259273469356782,-8.370846685296318,13.833083944696511,10.524656961978307
2000-08-18,-1.6365800238674546,-8.641047827857896,11.569660398580014,9.923555109671176
2000-08-19,-1.1804084966452497,-9.624667345504458,11.333532665442043,11.545210910364629
2000-08-20,-0.7803609140689423,-10.988021102950416,10.252133492444763,11.355106819294125
2000-08-21,-0.7841033995682157,-10.103309924055894,10.59662839470923,11.205177068684057
2000-08-22,-1.3473969338474399,-9.526199528624142,12.150782233125183,14.353602334367553
2000-08-23,-2.4852586003949617,-9.345730389689992,12.83511625409754,14.206021559196634
2000-08-24,-4.382257267292385,-8.366331655571253,12.706691459178677,13.723805616007754
2000-08-25,-4.577663338600921,-8.24461424242689,12.746270374433523,11.824078675642456
2000-08-26,-3.7367988332631135,-8.644815090116778,13.032755149260039,11.83522803091422
2000-08-27,-2.787266226161006,-9.33999311197016,12.705921647831586,12.527040850407577
2000-08-28,-4.52968268917158,-10.671783710223359,12.412370601090968,12.484961485777948
2000-08-29,-5.057928403171707,-9.955021263238331,15.282455481497188,13.382878716318432
2000-08-30,-6.024940201602098,-8.829854702181365,16.265835212920123,13.466429163764118
2000-08-31,-5.938307769251232,-8.657049927778443,16.392735218070996,14.354201251877699
2000-09-01,-5.486665131406554,-6.508576409749921,15.12514346110135,13.778504636317598
2000-09-02,-4.963284798292649,-5.195731245303927,15.233658239491827,15.37328092696718
2000-09-03,-6.147197490985767,-3.2765920714419456,15.386166840733754,14.526754825535026
2000-09-04,-5.008149851028106,-2.759770913877083,15.152770588663593,14.317383871753316
2000-09-05,-3.82081036112387,-1.8808407782287606,13.03582537586189,16.197410320871203
2000-09-06,-4.314704347702237,-2.7817327885779997,12.806070201020676,14.980842464248592
2000-09-07,-4.291657372903367,-3.7902913485909733,13.618540199536978,15.505050727697204
2000-09-08,-5.194242142898949,-3.12442984002175,12.427179631517394,16.14582495268565
2000-09-09,-5.2695254117843575,-2.9113912591515674,10.813047365415212,17.408454627871944
2000-09-10,-5.611241486596457,-3.6714488920709347,11.936819124666272,17.972766476569003
2000-09-11,-3.2109374435768974,-3.6786291580057338,11.681088725912764,16.45121148504382
2000-09-12,-2.257205773555048,-2.308749662072703,9.816227660525108,16.30368100760037
2000-09-13,-2.603477665366077,-1.204526772017599,9.42132058792085,15.811317676812225
2000-09-14,-2.4690312479082976,0.21482768211572756,9.450961307384606,15.706174216781896
2000-09-15,-2.8904638486340053,-0.32319738773636286,8.619968935625169,14.313142120950541
2000-09-16,-0.5441147621629447,-1.5857571374105932,7.905511951645958,13.429930438147812
2000-09-17,0.12291727671579777,-2.130162793624643,8.26292864249364,14.857230970791699
2000-09-18,-0.39941628553295494,-3.284625528491917,8.535474809303489,15.339578887511234
2000-09-19,-0.2565327581388695,-3.7400353904111903,10.096927468603107,14.976476029539414
2000-09-20,-1.7590495629022296,-3.889997713485746,10.188887344867496,15.659767448419737
2000-09-21,-3.0862235783141374,-2.023263725548653,11.67637631248515,14.737906486923944
2000-09-22,-0.7382243432704509,-0.6091526686589814,10.847390971166204,15.634367436796847
2000-09-23,-0.8058959153073805,-0.7240668463978225,12.186081632686474,15.950114792503866
2000-09-24,-0.4703870368222456,0.17268450147863845,12.302049661101321,16.550799403981696
2000-09-25,-1.7953581641771987,-2.0420256915373236,13.107944552316974,15.249606158109886
2000-09-26,-1.2047452340690323,-1.0769583740050956,13.541678558397146,13.464428310785031
2000-09-27,-3.153431641822653,-0.21804183320786497,12.560297476506546,12.64601652932905
2000-09-28,-2.056103059695133,0.15894727566473177,15.31576455145422,12.448193813796086
2000-09-29,-2.2377906939161973,0.43349658417856207,15.422157330625566,12.728000135416718
2000-09-30,-2.527938259705265,1.1164830705666948,15.646760623816864,12.032323516127914
2000-10-01,-2.2601194214091915,0.3468847809123583,13.796891200115509,12.348779425540664
2000-10-02,-3.349039452377041,0.6126385328986459,15.28381182825564,11.332700565619913
2000-10-03,-3.5138729984065282,-1.16736668255648,14.272784656747028,10.757336582458313
2000-10-04,-5.689386013830748,-0.8460527409808853,14.001002373459288,11.052150764804642
2000-10-05,-5.537487420750133,-0.9766168005087367,16.111146591494574,11.386930773367684
2000-10-06,-6.363725207308518,-0.05014641859025937,16.932978579762686,11.20379884734486
2000-10-07,-5.6511035317156955,-1.8561449089675244,17.00012646735463,8.99788829757762
2000-10-08,-4.309614746638677,-2.1618404413996037,18.079769522026265,8.086627841289037
2000-10-09,-3.7086490783123187,-2.593758787725303,18.42129978756528,7.755284404542408
2000-10-10,-2.634961895984828,-4.19584727711528,18.707379922667176,6.0212345150770705
2000-10-11,-2.460571633350228,-2.3553558499909566,19.261620378804334,4.069886733864102
2000-10-12,-1.3857120373885932,-3.412568278354706,20.148391765046917,5.663548077182524
2000-10-13,-1.597575913103072,-2.3069046792319536,20.488999868985815,3.3760108970248432
2000-10-14,-0.06251151780589881,-3.9124925856105897,21.000810463410986,1.6570378690188337
2000-10-15,-0.8801958714535852,-4.9338942131677825,22.14059819261868,2.63553165208758
2000-10-16,-0.09748619723133789,-5.711429169328101,21.03911111640502,1.9809619436942183
2000-10-17,-0.0785253626117414,-5.557371869260218,20.165719859040053,2.6090276880164183
2000-10-18,0.5924129780226326,-7.054428467945816,21.782656641272315,3.6121387140604178
2000-10-19,-0.36968341641125557,-7.999916610603384,21.351526831504923,3.4581756540924986
2000-10-20,-0.042333952871576874,-7.656845489750541,20.19956507141825,3.339532580057177
2000-10-21,-1.1752381661660878,-7.2868309116419665,18.52232046585052,2.2435573036180028
2000-10-22,0.007437926461207223,-6.4208234806316655,19.507468072497232,3.6084211704095654
2000-10-23,0.7514726339348685,-7.922560173258312,19.483338757814494,5.675304887535799
2000-10-24,-1.5547449175557178,-7.360433732607089,19.495084034151915,4.00579682853483
2000-10-25,-0.5762146885745436,-7.84967567121601,17.3475366347962,4.854922369031571
2000-10-26,-0.7162183316829629,-7.025720316434298,16.87703154506166,3.618354300536682
2000-10-27,-1.2129707514452763,-6.88988579602038,15.204976801285532,3.1410324561233494
2000-10-28,-1.0790222038477912,-5.153292580241925,16.594807685626236,3.2114105760781353
2000-10-29,0.3598818343866941,-5.297083311291378,17.13162301995896,2.459350838170189
2000-10-30,-0.43496590009025426,-5.477709225727479,18.014692217795375,3.2042296395678487
2000-10-31,0.18861158650790055,-6.080751717537415,17.227858715146695,3.2797331727565244
2000-11-01,-0.45962004301188875,-4.938616165719434,17.45323220553124,3.371866791893931
2000-11-02,-1.2576864841725905,-4.898305783464986,18.036958598030992,4.377818034377167
2000-11-03,-2.3976757031761053,-6.727056695286883,16.63803577761396,4.372186928476917
2000-11-04,-0.7239105863089781,-5.520840742336506,15.649343943717104,3.117724476075863
2000-11-05,-0.3039993661571831,-5.524523570664625,15.825082923800496,2.560600882058517
2000-11-06,-2.0874391668444097,-4.110055548358766,16.849942766741112,1.3905940734796207
2000-11-07,-3.156835913920519,-5.359658931578554,17.06784031601399,1.2620716274877473
2000-11-08,-3.705384652766692,-5.228528591549853,15.922215274051144,2.390826814177991
2000-11-09,-3.7322566554433507,-5.892287666763722,16.43301249190956,2.1806961137278287
2000-11-10,-4.167298774682034,-3.9931447689246333,19.22520703548302,1.6677353344663484
2000-11-11,-5.297888128540847,-3.954387590711614,16.70331577948899,-0.16078293628485008
2000-11-12,-5.667663241650639,-1.7187841389276692,17.585579995866468,0.5607256520328738
2000-11-13,-5.453761963429805,-3.3817830798415125,18.802958268106643,0.6551118884740477
2000-11-14,-4.5971061358923295,-3.7640185326924707,18.20914560423355,0.06480185279679596
2000-11-15,-4.896322801880683,-3.483445055511444,17.418277400714427,2.586685820401862
2000-11-16,-6.520034991124842,-2.640088396788857,17.949905511949172,2.8032316383583837
2000-11-17,-6.830016987118224,-2.694471771021263,17.980483233683998,3.7148970657223943
2000-11-18,-5.915967591112397,-3.389029371260719,16.681331265811824,1.7842942056546123
2000-11-19,-6.351805594344276,-5.432642554359111,18.007674248274828,2.7220101401597288
2000-11-20,-7.4781563750074636,-6.140697545153527,17.500738860648724,3.736494725017919
2000-11-21,-6.653865287723538,-4.570372564279374,14.814883422134695,2.068416579746982
2000-11-22,-5.97790288214928,-6.164242991649495,13.483857723454227,3.811782474042535
2000-11-23,-5.848920595009632,-7.828375394830462,11.912545957179958,3.909853990334108
2000-11-24,-5.78686368354237,-8.184461346651002,12.169325370300063,2.396698560919053
2000-11-25,-5.346420663821976,-8.80190746082286,11.693477867626953,2.7696700566550017
2000-11-26,-4.967072871758011,-7.176031760827702,12.347653160757247,2.49166288532248
2000-11-27,-3.5219260376829116,-5.484295808596485,12.003302475103531,1.5991814628394794
2000-11-28,-2.5786095929812136,-5.395499403858116,11.496976940586833,1.664263922670173
2000-11-29,-2.2052310560315274,-5.316938104664421,11.906477674220172,1.475556673497087
2000-11-30,-2.40484449271681,-3.840966381853269,13.882162749660527,2.5712321076615736
2000-12-01,-2.658470666881303,-2.9321431782413336,13.961856022961657,3.6977792330297765
2000-12-02,-1.9718758126884457,-2.5466476524413877,15.0038865136231,3.9175616548572556
2000-12-03,-0.679545316877112,-2.851111332968764,15.029843036705454,4.365812855815254
2000-12-04,-1.148744273646064,-2.273025982775305,14.656156963048325,2.9891496684748287
2000-12-05,-1.7245704049537998,-3.7825046676832654,15.361132204182647,3.6188993332511123
2000-12-06,-2.231283295115517,-4.0855043177243076,13.991161918684533,4.103679202250338
2000-12-07,-2.5901713192364872,-3.791170086312486,13.279524349370732,3.5552473653174457
2000-12-08,-3.06076236420418,-3.650217495966231,13.298169494178072,3.026557720446979
2000-12-09,-1.0586816209723677,-4.322545223092469,12.302971689060183,5.146802728076821
2000-12-10,-1.7400308090164072,-4.298608206026744,10.16787012754513,3.4245745258514213
2000-12-11,-1.5385387762110212,-3.830387803453528,8.922679036191845,4.159771373840171
2000-12-12,-1.9712273163498841,-5.146988055947661,9.857509785705151,3.1577522628451224
2000-12-13,-1.3963302776121171,-4.252438163056883,10.982760280212911,2.5560134740179183
2000-12-14,-2.1525978245385105,-3.338166484168732,11.486299822932692,0.5857926060472727
2000-12-15,-2.44864845218581,-3.013312690555834,10.619410092183534,-1.1884061453051666
2000-12-16,-1.3542482183518783,-3.917856626471102,12.300246736649505,-1.4175342501727854
2000-12-17,-1.800164136332879,-5.092287368256339,12.108393211489508,-1.752135851069853
2000-12-18,-1.3231332507148217,-5.970337270326542,12.122157492357895,-2.0245454142770414
2000-12-19,-2.2603782543576125,-5.547992764928494,13.303893328135413,-3.1638407231841796
2000-12-20,-2.6788165835507605,-5.81905525460207,14.300154342481779,-3.1501342312069562
2000-12-21,-3.086729663291897,-6.5942222673291315,13.142808299226942,-3.6003145300305563
2000-12-22,-3.517938772993932,-6.765385967558506,14.097674080551325,-4.669801298186606
2000-12-23,-2.615762375523547,-5.871669352882699,14.138762521297108,-3.29910651645944
2000-12-24,-1.6095358568558782,-5.0438537558483,15.755497800102885,-3.1523604453806633
2000-12-25,-1.3777590709830345,-7.818162799380406,16.349087662819016,-2.4442042300312252
2000-12-26,-0.8269888977739015,-6.584044652621586,16.474693394351572,-3.118564410936603
2000-12-27,-0.8278536696086696,-7.594869261554523,16.227509942651327,-5.624441752651134
2000-12-28,-1.3072562774599783,-8.386282755604038,17.680287186701445,-6.273858079455284
2000-12-29,-3.143076216158012,-8.389767609383838,17.9143468697638,-5.730874723652327
2000-12-30,-3.9363548886204267,-7.550353264020833,17.502265832835434,-5.400522099004676
2000-12-31,-2.9119966866128193,-6.440002116627425,16.498112043091893,-5.11940742172178
2001-01-01,-1.7195923079731619,-5.860680954737634,14.987122090345773,-4.728536293936577
2001-01-02,-2.81621959327146,-6.3363066181582495,13.584119367559893,-6.654849075577324
2001-01-03,-2.521733684794597,-6.16795789086338,12.155662888063665,-7.023041685080434
2001-01-04,-1.948936340888789,-7.0630194539538795,11.748381121822325,-5.905845815332695
2001-01-05,-3.1886503529451655,-8.409686847624435,12.404563516657568,-6.585440360439709
2001-01-06,-3.128403477562665,-8.224563562223357,12.28676140301141,-5.70468871696535
2001-01-07,-1.6310148442035686,-7.667306011001058,12.256801623550835,-6.648705337240024
2001-01-08,-3.2628660852080573,-8.49174030835139,13.465336313867992,-6.305066399435817
2001-01-09,-4.056004497800213,-6.265404252960272,15.651031234288734,-7.485074668770121
2001-01-10,-4.324634741353362,-4.202450265153055,15.370451440602166,-8.14193938501041
2001-01-11,-4.3714924424733566,-3.7398532305950143,16.68814364207092,-8.591948521929645
2001-01-12,-3.2695542192166522,-3.0398890645412893,16.793588082488125,-9.488434827506943
2001-01-13,-2.4692894466647144,-2.6509896165609645,17.162896131098815,-8.441036112988565
2001-01-14,-2.5966650497367083,-3.3821662484532933,16.901506494175244,-8.697357894055477
2001-01-15,-3.771826393435458,-2.53935818146599,18.38235625267647,-8.147452205963107
2001-01-16,-4.070318917133611,-1.4692397516236098,19.29650353149582,-8.65293877261862
2001-01-17,-4.185780254938781,-2.1241099225840974,19.484860676135582,-10.162004930235542
2001-01-18,-3.620601788596712,-2.3056575199445444,20.486715243773798,-9.69230490761366
2001-01-19,-4.321099609949163,-1.6694581466345322,19.329332741486162,-11.730217461870177
2001-01-20,-5.095024194246337,-1.9210453054865848,19.872373524016748,-10.674127765171166
2001-01-21,-3.2173269796777353,-0.947583596598948,18.62409260481539,-10.012227615623454
2001-01-22,-2.358285891358945,-1.1082236249470392,18.424718949491037,-8.389354161137396
2001-01-23,-2.5964859208460997,-0.22159768348376507,17.026602750187898,-9.081248710396528
2001-01-24,-2.7074452713389103,-2.4161082864885834,19.232700733295868,-11.214890290828514
2001-01-25,-4.208027552900682,-1.7603545105708345,20.12808478747258,-11.840918245724666
2001-01-26,-3.8730479391633876,-1.1118053041276923,19.149666582966244,-10.774835593794277
2001-01-27,-3.4974858579431745,-0.9887314729442277,18.44139186036163,-10.384032970910871
2001-01-28,-5.893201339066478,-0.09380223682011646,18.917781889435798,-11.720078647565174
2001-01-29,-6.226535214747202,-0.19262306377176208,18.062679439517186,-12.058493463323117
2001-01-30,-6.17598933142622,0.08239364957350864,18.274530612615443,-12.119208012264616
2001-01-31,-5.3707056531858095,0.12660545165604645,18.779888767518468,-11.435099163733502
2001-02-01,-5.783779800123436,-0.012390089237429541,18.13311328670555,-11.093869285470419
2001-02-02,-5.494631111512792,1.1211847057688984,16.48479090701452,-9.826709396429887
2001-02-03,-5.02383969017478,1.8019241039880391,16.795914580201792,-9.8031092630594
2001-02-04,-3.652358577796817,2.726903362234327,17.471825365846488,-8.913595545089278
2001-02-05,-2.689672434360444,2.113869142280505,18.53449860506495,-8.294906763022471
2001-02-06,-2.294741354929902,0.791422190687507,19.620099725295958,-6.200903994461651
2001-02-07,-0.6729960974031197,2.99755187557815,19.414058560179868,-6.321386309551114
2001-02-08,-0.5999242945401847,2.926039895405387,19.495791108413712,-7.071920537404087
2001-02-09,-1.2196466832559218,1.8950801369716062,17.651285539137774,-6.0554831793020565
2001-02-10,-0.4532978719999805,3.014391513649019,18.85809931317657,-6.663902807422046
2001-02-11,-0.565149013391908,2.0940363955788586,20.39317780767644,-7.138777977101097
2001-02-12,-0.47474006777630096,3.6986864180746086,19.496790057358083,-5.875467314491925
2001-02-13,-0.5289143661690896,2.3289132828993466,18.614032078863158,-6.944953969546946
2001-02-14,-1.430642436150284,1.7695333600432093,18.649153541393623,-7.533318087103767
2001-02-15,-3.160751751289827,1.53121681269805,17.292790059494937,-7.842804323812933
2001-02-16,-1.1741873977358634,2.6819311894039775,18.073148367865954,-7.594516341677167
2001-02-17,-0.6048757365293138,1.9906401033807677,16.440776354617814,-6.352598463288002
2001-02-18,-1.0672581168043362,2.575701035013627,16.13868409760148,-6.859617569356921
2001-02-19,-1.3711015328884388,1.7602653750053738,16.2314800645191,-6.065070393555145
2001-02-20,-0.9657518076548013,2.6029999402739135,15.655360725246354,-5.994855165740938
2001-02-21,-2.0546981235133206,5.311707293079209,14.26410912779189,-6.98536684766776
2001-02-22,-1.7718131681358216,4.618430011739303,14.856533158216049,-6.022006638284813
2001-02-23,-1.4999225543358277,4.719573673241661,16.414229566801488,-5.494544465167119
2001-02-24,-2.0237787668476255,5.394524388614749,18.803389799463528,-5.705603001309349
2001-02-25,-3.030941820514397,5.457454253470385,16.528384179262492,-5.632659683595156
2001-02-26,-2.2931598137867444,5.19548989669875,18.564792953711283,-4.418617987394377
2001-02-27,-3.4994502621233146,5.865118882449168,19.627517974632692,-5.657397018338826
2001-02-28,-4.166536181984859,6.334814575265179,19.675267894211352,-5.723243244344962
2001-03-01,-4.119552765957941,7.827199129442897,19.81247773932404,-6.453320464063743
2001-03-02,-4.672642331649701,6.914120675802978,20.302893573647108,-8.007000723652169
2001-03-03,-4.923210182712649,5.778988571307511,20.648044715306952,-8.077249330665804
2001-03-04,-5.059789796899655,5.761663194794624,21.552748906161778,-9.571116776508333
2001-03-05,-4.101095357830475,6.964807268358271,22.332488558810073,-9.943519951264198
2001-03-06,-4.082265791021265,6.608031538118002,22.428421410578306,-10.060532473746926
2001-03-07,-3.05103645679313,6.3655085718730895,21.539654414461396,-9.672375183993989
2001-03-08,-4.019269257328788,8.365809891531786,23.39577807477416,-10.013641127757763
2001-03-09,-4.0328394437752655,8.138184900312687,23.58401347423061,-11.38052927133542
2001-03-10,-3.5903375612241892,6.142212041403547,23.34697552902293,-10.736541027389698
2001-03-11,-4.632055379619575,7.419249994718992,23.310573063429374,-9.405381011931597
2001-03-12,-4.138381494902801,7.136777045051717,24.356769590645378,-9.793473392345495
2001-03-13,-3.5304148256479997,8.081560023737048,23.702647446349964,-8.892718407183335
2001-03-14,-3.953410621939931,10.846028841853716,25.281522602490607,-7.169440514996784
2001-03-15,-4.7189799647438395,10.629063159630562,24.808498515734563,-7.125586177188653
2001-03-16,-1.7323041998337048,9.92864399231598,25.846324563694225,-6.414250852830381
2001-03-17,-0.6169290981530922,10.253287606855606,25.03327526358954,-6.453761301859019
2001-03-18,-1.27135778674604,9.091359055628658,24.472332147856452,-6.760680736933438
2001-03-19,-2.1266953595593185,10.586760109780709,23.642922749854492,-5.743639148384759
2001-03-20,-2.0357224488528236,10.341756278372841,23.117089899473875,-4.9851941002482345
2001-03-21,-3.121278853998077,9.3099858878345,22.396082990196543,-4.282678637011495
2001-03-22,-2.5149069852279844,10.758191973618967,23.23691828178837,-3.0809509892879303
2001-03-23,-3.538850710046816,11.478503761725017,22.248585226618637,-3.7889784876200965
2001-03-24,-4.226266048728394,11.14576867331371,21.42151186103637,-3.381199802399306
2001-03-25,-5.847207008959586,11.520904785612792,21.83820517510602,-2.846581216783742
2001-03-26,-5.923462319876895,12.118553667747065,22.177797511424,-3.242435730413364
2001-03-27,-6.021689217159887,12.102311408624944,20.12061393057224,-2.1290699842128182
2001-03-28,-3.78662387081867,11.653936743427664,21.0150468644989,-1.6076170420245972
2001-03-29,-4.2212114762968955,10.223420625736994,21.191405932689552,-1.738695991304209
2001-03-30,-4.090821470864408,9.465994351449956,21.548029849409676,-2.8826372158461933
2001-03-31,-4.548282927813081,9.79282758372696,22.967336382843463,-3.1080450479026753
2001-04-01,-5.074275604041704,10.593342946469624,23.25380627154147,-3.2047306816542567
2001-04-02,-5.940706637086349,9.065334947970882,23.14312650075705,-2.557297594583254
2001-04-03,-7.729305332120663,10.515907373721861,22.331945064235747,-1.793148720124035
2001-04-04,-7.897719052052281,11.294243632546486,23.405496905026382,-2.078285260382953
2001-04-05,-6.689967159115382,10.721384958029898,24.268221540804838,-2.0387274394444233
2001-04-06,-6.278554277858831,11.666937197019246,23.812932154768085,-1.5800812484338989
2001-04-07,-6.072802114605874,11.465568118179512,23.90693747701766,0.3725307090351324
2001-04-08,-7.022921215010193,10.820403626831958,23.504749983930765,0.3681477208191256
2001-04-09,-6.603090374944454,11.667520288922447,20.993079869914094,1.1252615641408237
2001-04-10,-5.788296725841654,11.305999559498455,22.796715759093914,1.749946789253065
2001-04-11,-6.109473844138647,9.315897596670002,23.64158554482636,1.5408292298110504
2001-04-12,-6.364198323632983,8.572093015156787,23.970422152026035,1.0124849820266804
2001-04-13,-5.151965781813585,8.417690208245682,23.958819484062637,1.473635197762675
2001-04-14,-6.082645139480631,8.206434488843502,22.73984762167538,0.2875232622603676
2001-04-15,-5.143023701235752,10.990320160878039,24.62708229386092,-0.13314705089057266
2001-04-16,-5.098095828666704,11.931367774953046,22.783212106810346,0.07222332099956211
2001-04-17,-7.250299773696241,12.963243364272094,22.30327804223012,-0.7527379279655876
2001-04-18,-6.9256319625134335,13.22716229567493,20.836407934941867,-0.1613874536774288
2001-04-19,-6.5220229793660645,12.903654281264801,21.61251251525728,-0.8402050715952458
2001-04-20,-7.13954455986455,11.861076465955305,22.422253343865258,-0.7828861282907946
2001-04-21,-7.76683535590967,13.401873708075316,21.65814094711079,0.9946278629350083
2001-04-22,-7.557070319264718,11.350596759706198,20.874841791321998,1.184619295819222
2001-04-23,-7.997022943675446,10.644556907616114,22.680299312996937,1.3268919236573151
2001-04-24,-6.363721029043854,7.985939217586214,22.7773920587322,0.5722643186425589
2001-04-25,-7.749667469754802,7.9972474019435715,22.20283414876639,2.7490677416182665
2001-04-26,-8.133866228647227,8.859542011021,20.78276993188986,3.8070245251527925
2001-04-27,-8.205137830640808,9.805413259832081,21.95741922268863,2.622604629732106
2001-04-28,-6.4277113864811675,10.690540592807464,22.441664021737445,2.0129767950406547
2001-04-29,-5.439490117850222,12.531272293979143,24.01929881985216,2.098589952220257
2001-04-30,-5.509475638627303,9.624185621893485,24.225705129679458,2.0688553834376613
2001-05-01,-5.679501174093827,10.509756052747179,24.6691299807787,2.3946892523145995
2001-05-02,-7.239995318372484,8.466171049695086,24.250007834913525,1.763118503470595
2001-05-03,-7.904921060493342,8.039031774436229,23.8353604200038,1.5160413769675454
2001-05-04,-8.214939212116262,7.2346882339044445,23.717617649564346,3.1443777629469736
2001-05-05,-8.368609221332875,9.03700972675516,22.783523057374296,2.7549325286919997
2001-05-06,-8.371363187381167,9.666487916072143,21.70533913748698,2.384254438846926
2001-05-07,-6.669756317928909,10.582155115265596,22.64721878869805,1.7022532719270687
2001-05-08,-6.683933741073353,10.905035899022714,21.862829728652986,0.7698808008012665
2001-05-09,-5.66414087350355,10.668247716768777,20.880712097803073,0.48199770727790386
2001-05-10,-4.7355360765871435,11.389850528486507,20.550194116886647,-0.564694354499854
2001-05-11,-4.964953873215135,12.376262790960798,20.191077476967344,-0.7399558688224867
2001-05-12,-5.026822137730337,12.13060790160777,22.234104727863425,-0.8262874183453178
2001-05-13,-4.054556999234184,12.229446205003363,21.76261761254508,-2.6786233060636166
2001-05-14,-5.061335872233715,12.726511641014346,22.186619976059465,-2.5404542492490036
2001-05-15,-5.6674765075982005,12.089625197598126,21.718751478498366,-3.6325349211302402
2001-05-16,-5.171167913696002,12.187845385535478,22.835208635941665,-5.2933402209717215
2001-05-17,-4.242235101933949,11.492061931797373,21.655627610272543,-6.065418271588061
2001-05-18,-4.140399232844389,11.847488158782589,19.363333138812013,-5.973293668568637
2001-05-19,-4.060830394507708,12.592606705310004,18.98295131178127,-5.571919502204894
2001-05-20,-5.437331873114768,13.97548370113662,18.10677391467832,-5.487878882611678
2001-05-21,-2.900417859508446,15.044768059662177,18.144631482978642,-3.645262541289038
2001-05-22,-4.349345656802804,15.396122050054739,18.34076238852007,-4.271558583147513
2001-05-23,-6.784467400089911,14.865441324576867,17.16125702252291,-5.347215248518729
2001-05-24,-6.671181830586745,14.20213973631976,17.228919306933662,-4.643069572468589
2001-05-25,-7.185183837029269,12.492895207102679,18.537703173586234,-5.162039157978506
2001-05-26,-6.678510706971158,13.895153385805601,18.505606524378205,-4.268699807239791
2001-05-27,-5.481789795216651,16.571099529612184,18.5459720840501,-3.6625444342241136
2001-05-28,-4.940961342531211,15.436982107171538,19.225186917566518,-3.4524203714896715
2001-05-29,-5.796384464503886,14.405293896139959,20.003202796458666,-3.941055349507363
2001-05-30,-5.710328831790703,13.690180404428975,20.677813293424993,-4.841019691396567
2001-05-31,-3.851206633996715,12.516495219974647,20.247132632710894,-2.888455958310176
2001-06-01,-3.4189932444772095,11.333140352773851,20.35075798032121,-2.141013307156008
2001-06-02,-3.2951212897711346,11.344266921044946,20.08358295521004,-2.4117171827340296
2001-06-03,-3.7247744858668925,10.741562865803893,19.504280617193405,-2.523048645903858
2001-06-04,-3.0066346609898273,9.274298985347572,18.553980727217212,-0.7405316497455936
2001-06-05,-5.0242974187898755,10.485986352277633,18.168676216212827,-1.1956181970785766
2001-06-06,-5.467253980158289,10.652846803996754,17.100080076997955,-1.0176704666415046
2001-06-07,-5.9615189630085315,9.236060118009185,17.42844056659153,-1.734118330121909
2001-06-08,-5.1024464275322545,8.879041210527294,17.90282808450641,-1.9154219823171004
2001-06-09,-5.870517566801034,8.476030806273222,18.637961410311892,-1.6295958525404757
2001-06-10,-6.841675479300237,9.558140356157214,19.621191746559116,-1.5522890773497298
2001-06-11,-7.807100053312903,8.954712588681073,21.006394892230848,-1.5147165162602807
2001-06-12,-7.941485387979326,8.129820561310616,20.586196420249173,-1.1884572936393778
2001-06-13,-9.329615094361676,8.129964490382266,20.377401252091477,-0.7435413311328423
2001-06-14,-8.382929289711726,7.124950107028233,20.38325279027045,-1.0633569892262078
2001-06-15,-9.609223008166408,8.740594888468156,22.603373426325994,-1.229836130173704
2001-06-16,-7.880700305631988,8.455746790291,23.272724924049275,-1.659342937953303
2001-06-17,-8.096313477456283,10.983504894247318,24.427150508229076,-0.007617823951679981
2001-06-18,-8.21455618691118,10.83991599132741,24.253401453201246,-0.7487869074518984
2001-06-19,-8.472111552481419,10.018423153270913,23.740255685125014,-0.8107552122852478
2001-06-20,-8.289935373802031,9.36656337277401,23.787174516885454,0.829659734202237
2001-06-21,-7.372234060388326,10.255161831961713,24.240237568470096,1.6429009524030196
2001-06-22,-7.881581689413016,9.413728172367744,23.954909726063608,2.0271692247981195
2001-06-23,-7.943499623351833,9.500860145113338,23.06710502448112,0.7531600457550522
2001-06-24,-9.052059368987743,9.26772315457273,23.679895807305936,1.1604081864841742
2001-06-25,-8.141048779050164,8.269301227576719,23.855836499365246,1.8465333893204283
2001-06-26,-9.43434337323315,8.658860262962948,24.128357641375644,0.5077222052306729
2001-06-27,-9.726769626391375,9.22797518888506,24.775596885204067,1.3501016430977186
2001-06-28,-10.727191930202546,7.903896450385755,25.10217221058568,2.9164504529472355
2001-06-29,-10.751933054545544,6.639517519453302,24.482921830362802,3.7867395805716
2001-06-30,-10.806216671343991,4.466707886093354,24.51172041045999,2.4822259702728653
2001-07-01,-11.039816084590925,2.9683045429887756,25.471551815475593,3.4470684158100946
2001-07-02,-10.916121903815993,2.1809183600343895,25.86368005176801,3.094586063902931
2001-07-03,-9.375532139314965,3.1210281552936774,25.67985167637896,3.8575664798185585
2001-07-04,-10.991846449349826,3.262609430416072,26.383139443872537,3.319734550820875
2001-07-05,-10.804769331176885,2.979657957340935,25.831797293268014,2.7416003834520573
2001-07-06,-10.947478311597632,4.8055467976728465,25.126488469431234,1.940388650927128
2001-07-07,-10.922717710379446,5.365362719000983,25.721231188469865,1.4245960824395938
2001-07-08,-11.756720591526737,4.141143869003267,26.422216785631754,1.0597572081006352
2001-07-09,-11.695520263579168,5.038922303538643,25.583511454347523,0.4592509699030912
2001-07-10,-13.801289530560089,5.43587931432852,24.499485745909748,0.11614272137659876
2001-07-11,-13.849578632473715,4.246745924884979,23.496853435431863,0.540806894607077
2001-07-12,-12.471111846049677,2.5736754644555893,25.01139187597946,1.4887260798622712
2001-07-13,-13.340363623735074,1.7977070216018336,26.372876846011867,2.891020616562309
2001-07-14,-13.328619038529098,2.520409857436995,25.129439637597486,1.2127975696731865
2001-07-15,-15.675153860993024,4.360415798642665,25.104066808549582,1.625165510322373
2001-07-16,-17.355374870663262,5.331870197923471,23.473028172017944,0.5246381962447744
2001-07-17,-18.26898608629486,5.722445600567354,22.980095793468422,-1.9497281052927355
2001-07-18,-18.361452316701413,5.404579921879104,22.014893267485007,-2.213388792549081
2001-07-19,-17.444271557242413,4.373291314533851,20.578345237605532,-1.5651016619530913
2001-07-20,-19.67820577297165,5.154934689534472,19.74270379262447,-3.817772914868004
2001-07-21,-19.24176584866468,3.7655367892154157,20.162213356410145,-4.892331928351119
2001-07-22,-17.683328333101986,3.348014675408458,20.321654755357457,-5.64449135068228
2001-07-23,-17.37009153038345,2.506320664414026,21.246428233887396,-3.423246400168856
2001-07-24,-15.406056181892637,1.88637761992091,20.44214560757224,-2.282908329246367
2001-07-25,-14.847638918495601,0.4782446695589906,21.904956192079965,-2.1775807093965773
2001-07-26,-13.68862830438707,2.3832521198217265,22.088603623235116,-1.9276588346684558
2001-07-27,-10.837350199686961,3.2769819719111384,21.671893185593063,-0.24860316471438515
2001-07-28,-11.09213339057975,3.9079353051493086,21.328646982360166,0.5001854150184925
2001-07-29,-10.479793132593006,4.142117611565559,20.91704255208669,2.044026149347786
2001-07-30,-10.213734663049767,4.430579460079347,21.221177891416463,2.3365921593148147
2001-07-31,-10.339363651298816,3.4847939002663084,21.663712314640723,1.4048310085906106
2001-08-01,-8.59395734401442,3.316523866800907,20.28110925856891,-0.2697418362859112
2001-08-02,-8.486805272091361,1.0803688110986998,19.961567853613893,-0.7661894527066795
2001-08-03,-8.588830639516786,0.34633435283222924,20.663636625678553,-1.2714019806554206
2001-08-04,-9.665759794046624,1.6359974952239051,21.469309681252533,-1.559453783107425
2001-08-05,-8.930342404335624,1.212996540342156,22.33320377563034,-1.7384994772492228
2001-08-06,-9.739545438120965,0.6129200462197841,23.69421947081665,0.14736172535097536
2001-08-07,-8.734249216116023,1.4683492506104865,25.219678678360914,0.6034488043812671
2001-08-08,-8.456836726686179,1.2486382331695567,25.097909343171487,0.2279523922471236
2001-08-09,-11.061330546838013,1.0526737521334115,26.11266870244526,1.0060841000433436
2001-08-10,-10.871823479999362,0.6473156920271894,26.209288883773677,2.559380184058063
2001-08-11,-9.418078146819237,-0.3084137477069333,26.57829519551361,5.394693299728205
2001-08-12,-8.821013738195493,-0.8971762112846491,25.95983379596274,4.331870562714572
2001-08-13,-7.743736817015494,-2.0864841536202383,25.282651063254,5.905230236520555
2001-08-14,-6.100357794484417,-0.9504887040603713,25.200060170520697,6.602460606948573
2001-08-15,-6.355076234067953,-0.9543136107934833,26.56153787408717,6.231844251011285
2001-08-16,-3.9422351934493247,-1.422009611383405,26.89638577315784,7.2768185409768815
2001-08-17,-2.456050769157542,-1.398517524255285,27.387746944600185,6.325186247447635
2001-08-18,-1.7674198369987084,-3.18956720474029,26.561043542195847,6.326513860262545
2001-08-19,-1.4031992872050867,-1.7274851248084566,27.593890923872884,6.144686333514436
2001-08-20,-1.6585590327568296,-1.6363016363935283,27.668441138047854,5.904419691751361
2001-08-21,-2.4795805461635716,-0.4936676470750503,28.238087160419056,5.6026410554605315
2001-08-22,-1.7910018756224062,-0.5542293423142383,30.12909672411782,5.7537605271674295
2001-08-23,-2.629631323627271,-1.0140612505996525,31.29135602833865,7.679226616741225
2001-08-24,-3.5813690688242312,-0.2435834662731966,30.832656596770256,6.535974322458426
2001-08-25,-2.87347430980418,-0.3353023070608247,28.38880939355883,6.317754907206065
2001-08-26,-5.055625082336141,0.9181027799140715,29.176066809182828,5.200829609052208
2001-08-27,-5.072356309335234,0.6498072863874793,29.529508747864327,5.00680419114903
2001-08-28,-4.621461018742612,2.018967929456685,30.41576342886398,2.991347261761568
2001-08-29,-5.3605980324965765,2.5694193925870406,30.39994704671629,2.085963239642786
2001-08-30,-6.455239593188347,4.767300576038586,30.257997189012027,3.1609507609186682
2001-08-31,-8.696175090640297,5.0714768107373756,28.29778781191062,2.645212229773928
2001-09-01,-7.96799300463451,4.608826999626521,28.463793594128,1.6218824474134999
2001-09-02,-9.299353900263114,6.0654450464933625,28.568967210661604,4.045413900477442
2001-09-03,-9.555046975099721,6.876595459433549,28.220948078383344,2.575066978580774
2001-09-04,-10.049134827069238,5.9291290908448,28.18886234017583,2.396136892302473
2001-09-05,-10.858038749645067,6.141475518238846,28.55317897534438,1.8665988040474892
2001-09-06,-9.143650740221725,6.138664801493874,27.873186177204715,1.8369229490773282
2001-09-07,-10.859566308070828,7.25849691926883,26.576217521443287,0.27326500606705517
2001-09-08,-10.205649352526045,7.71686815151576,26.347924260458463,0.41130440111001065
2001-09-09,-9.741638458217793,9.601233042786358,26.71790666383906,-0.6603107768670282
2001-09-10,-10.877990391072077,10.54802742315657,26.025803968565068,-0.8352729790698685
2001-09-11,-11.684113627348633,10.084812003958683,26.35605371554537,-0.924690433032177
2001-09-12,-11.886829156242126,9.52431243694308,26.294974183352696,-0.27850158170613315
2001-09-13,-11.405862611801762,12.404130999880778,25.96414479660642,-0.47093109011477563
2001-09-14,-9.328238312413415,11.358970468448229,24.53280223035018,-1.022634295150136
2001-09-15,-9.403806935384681,12.594108510515298,22.60921720493082,-0.3477273926228227
2001-09-16,-10.635744571279874,11.78004648330055,22.32585128599491,0.2973563149547006
2001-09-17,-10.316931079119618,11.361514733629214,21.632551363426714,0.7067366360874754
2001-09-18,-9.921249774845354,10.861780316152771,21.11390448523886,-0.32418921996161365
2001-09-19,-9.234930724471617,11.552481327986893,22.198950192463922,-1.5791127531403326
2001-09-20,-8.684078496401277,12.495828772352095,23.619683315743693,-1.0284664862341009
2001-09-21,-9.58135332357985,13.002504938959325,23.18584126104908,-0.533984586116466
2001-09-22,-8.565125798799977,12.774772734193695,22.924790360612707,-0.5412246246565013
2001-09-23,-8.966462636339072,13.702396894889624,22.617506242622365,-1.2472556114535176
2001-09-24,-9.257942194068942,14.637527409109307,22.685634661655605,-2.1730257160932056
2001-09-25,-9.781069866545167,13.79102366474263,23.692860627786374,-1.3735165339956952
2001-09-26,-10.215558994033714,15.087752493778872,24.850240890021997,-2.0677640599796034
2001-09-27,-10.519922148997695,14.391230062000677,26.026187921079167,-1.553049465735346
2001-09-28,-10.42654406656122,14.741440455565684,26.219215549535125,-1.3005364181481822
2001-09-29,-9.894505183939145,15.115807676135278,26.243513031389305,-1.8431324492922032
2001-09-30,-11.742015839452623,15.53047029678206,24.458221958683524,-1.7638969770447783
2001-10-01,-12.67434388757638,16.259205541171966,24.19363822298442,0.11532612847378765
2001-10-02,-11.782355859990618,18.34347242562464,24.69214733175875,-0.27442906482935236
2001-10-03,-12.307699109512184,18.33420855844519,24.047789219682162,1.1571858137551094
2001-10-04,-10.047443668853457,19.666865739072655,23.594348308939832,2.542436521272246
2001-10-05,-10.587804063034216,19.480401888994965,24.90421615092469,3.823513523307147
2001-10-06,-12.346365432207213,19.42223987294753,25.51964069774476,2.9495060158639976
2001-10-07,-12.90676859393567,19.735653416157525,25.06991680370809,3.293853116417115
2001-10-08,-12.242124479722511,19.44590058635566,25.368297546924957,2.871649628838208
2001-10-09,-11.843251579170367,19.48699102743676,25.345853561685544,1.5201492657537945
2001-10-10,-9.447233600667294,17.751374165260607,25.082373199449435,1.7771337238462015
2001-10-11,-9.237080222998392,19.346766937508548,25.6944604229628,1.71004246417429
2001-10-12,-7.946954288275363,20.546321545597113,25.685002593632504,0.9430991969254592
2001-10-13,-7.838355827351983,20.7958463289361,27.139127439540577,2.7163110189910897
2001-10-14,-8.148507930369838,19.347505740839296,27.717454098880644,3.9682758727612297
2001-10-15,-7.900257031162507,18.150484330537324,28.009956308587807,3.9350894761930424
2001-10-16,-8.183275841551474,18.368024749296225,28.257524524099228,3.82865527590132
2001-10-17,-7.440878694469104,19.23045342768189,29.686314824307466,5.839322862095693
2001-10-18,-6.61572248230914,16.207064291765757,29.623635267290226,6.566938783760344
2001-10-19,-7.228261267175155,15.099012987674506,31.279089609720113,5.331882610482138
2001-10-20,-7.453317896910654,15.540757550573009,31.052453277104842,3.749975864570402
2001-10-21,-8.361845117894772,15.834280325058435,32.38380445745527,5.326878139179585
2001-10-22,-7.774350479442907,15.307549892133109,31.279475792746013,5.2629512018704165
2001-10-23,-6.893712309409924,15.35359748502177,32.51696735276219,4.680903242160092
2001-10-24,-7.692020518054961,16.92156014673727,33.51643382209997,5.477955295531442
2001-10-25,-6.717803560368434,17.279811933557365,32.34599934391052,3.438637894224752
2001-10-26,-6.356589914944322,17.242368258257514,32.47953274881106,2.5529243842692764
2001-10-27,-6.121059310640724,17.69365251429722,33.994261799163766,3.925531577755912
2001-10-28,-5.336845423977547,17.40380314346048,33.68959826886482,5.128905623281922
2001-10-29,-4.7019009308153965,17.133232941700992,34.10750582968737,5.548558443746703
2001-10-30,-3.8942328053391524,16.905639973071708,34.58824403322471,5.924517103566571
2001-10-31,-6.128565037318278,18.944318406194512,36.30088876928197,5.154644386180433
2001-11-01,-4.3695636419833646,18.235345169218128,36.656153390956966,6.917892693275373
2001-11-02,-4.175229770148926,17.189296516932,37.25298027624483,7.724477970783406
2001-11-03,-4.274609132221604,15.984954226413747,37.796184635754386,8.432747949042744
2001-11-04,-3.244498385882336,18.199545232201853,37.666932394833566,9.723058644722673
2001-11-05,-2.5725952076130265,18.06324602726392,39.12255770243853,10.702292035276315
2001-11-06,-1.835234182733773,17.229568443064796,38.0008051022037,9.224771657119229
2001-11-07,-1.710329919276704,16.113606021087715,37.80976999780166,7.513971897811179
2001-11-08,0.12097251306494261,15.55222039083827,37.50486294421183,8.030152412048515
2001-11-09,-0.3292493000437583,15.131066540619852,36.36052500799695,8.944280672628647
2001-11-10,0.19062622823500464,14.800470986524655,35.759834574129265,9.070194954143743
2001-11-11,-0.7838052779184591,15.787644565044774,34.44976075820869,7.578094268271481
2001-11-12,1.0727601920638996,14.683722810519814,34.3739214977802,8.769126054958871
2001-11-13,2.112742017919464,14.033968611808412,34.06797996120157,9.551802550920062
2001-11-14,0.49202398742564823,14.253256578096059,34.84734977513833,8.88064580519073
2001-11-15,0.6698055084058829,12.929131495910147,35.79577025168142,9.901222845478555
2001-11-16,-0.45348022191088266,11.3744951138633,35.677958299657405,10.68666169886899
2001-11-17,-0.9690375844439679,9.696858528448752,34.29060072566728,10.824980124681487
2001-11-18,-1.390836327470227,11.272056263086023,34.02759128355066,12.325203977988986
2001-11-19,-2.1386980705514915,10.002810397983207,34.62768631382764,13.833928955412569
2001-11-20,-1.9713039611420577,9.890825886833401,35.23982275402042,13.307283633464445
2001-11-21,-3.02672341404765,9.288720976065042,34.54305098544774,14.6704021326705
2001-11-22,-2.0837518465892906,8.46151480213058,34.659513090690396,14.405365645156047
2001-11-23,-2.566101935958081,7.687120014438729,32.658016864088,14.109217250242724
2001-11-24,-3.8763686860870266,8.85170681568636,32.81764443446856,15.74116144904571
2001-11-25,-3.3474161350387543,8.37362618513277,32.675457507235606,14.27608545456287
2001-11-26,-4.183835394096369,10.278601597658364,32.18719166843175,14.286649657823308
2001-11-27,-4.265511075351338,8.470499525152658,31.22787710154996,15.304709289760076
2001-11-28,-4.141155787971914,8.726246671065702,31.259179441935768,16.217501733592186
2001-11-29,-5.894920425090676,8.584669573456914,31.31455652791268,16.840626451029507
2001-11-30,-4.915549827140159,7.343666596242394,30.8375630604868,17.292392307707285
2001-12-01,-5.743062175460926,6.262580770370337,30.47132850413161,16.754492105312337
2001-12-02,-6.745931726215383,5.460375437173256,30.650670595044353,17.49766559602131
2001-12-03,-6.658975562956012,3.23555934778748,30.233265953770008,16.231200707348236
2001-12-04,-6.703390720433362,3.4003073347765196,30.98836911710895,16.444996171736683
2001-12-05,-5.204049411819758,2.422891559443514,29.628667674585266,15.583075358675261
2001-12-06,-5.1184884649316595,2.853059356617859,28.952060331464956,15.326257129641684
2001-12-07,-5.8422122951501345,4.528141068560389,28.70288582765432,15.31838020989289
2001-12-08,-4.979585771740343,4.083519473958581,28.38170070850829,17.100847072420777
2001-12-09,-6.2658002175253955,5.136948796710968,27.426416236567704,17.30791841676117
2001-12-10,-5.453382973508504,6.368850959706402,25.359379074897934,17.589101579107346
2001-12-11,-3.349688029076562,5.883974819010819,24.504615222450475,19.408165398202676
2001-12-12,-2.7744248944104,4.26193137935172,23.729508468416864,17.905038170227485
2001-12-13,-4.240564420135024,5.806879427983873,24.759077965345764,17.57052118260953
2001-12-14,-4.66075228166979,4.48105342179101,25.858953667715248,17.937442589989978
2001-12-15,-3.9059844894799927,3.550521105500306,25.69648880289514,17.014283486270084
2001-12-16,-4.0367870728040005,3.84212534248917,26.543495142211032,15.833008072580272
2001-12-17,-4.739028042360001,2.6485480984550893,25.63865361290484,14.898687353888942
2001-12-18,-6.025179535968408,3.2152030459011214,27.064315036026564,14.681322020280719
2001-12-19,-6.895713951402833,3.425045300515538,27.991761624200212,15.626019849141088
2001-12-20,-7.75130598105803,4.274229017577854,27.924868903149676,16.85867720269666
2001-12-21,-8.50674674797563,6.025019440301588,28.7989301827191,16.173098243841146
2001-12-22,-6.915786629858559,6.438938866056766,28.849879270027984,17.510170430236794
2001-12-23,-7.878374273604919,6.46005609632278,28.884667122402373,16.476937007719336
2001-12-24,-7.182982036943182,6.595214017623105,29.792884932416374,16.437213006382756
2001-12-25,-7.707527601701852,6.024525490642406,30.51523189732207,15.190454881433258
2001-12-26,-7.18884613363203,6.415823374079521,31.505488668093367,14.464028977196778
2001-12-27,-5.255842989132916,6.127235956428851,30.33372537212008,13.212249240939045
2001-12-28,-4.867328461621459,5.921919533340982,29.459343751019677,13.101472224202858
2001-12-29,-5.318990073514571,6.337705690191034,29.021801076170757,14.356244678653125
2001-12-30,-4.171220485283266,6.412365926056517,29.45727101799993,14.724647457707771
2001-12-31,-2.2168523095268666,6.224269075283796,31.995667939669662,15.462222667294027
2002-01-01,-1.242670187822888,6.49784051167685,31.950550071537517,15.09679231255736
2002-01-02,-3.3481390812138434,7.2041858586743,31.52892229630454,15.50740397341411
2002-01-03,-4.9861052868641185,6.464248157407469,31.1933515024829,15.92170810555658
2002-01-04,-3.1972959274324664,7.484838868143242,32.02232656501215,16.92133537650744
2002-01-05,-3.8886591850547165,7.842512941274181,31.07276646905708,16.615022062569544
2002-01-06,-1.9307187315196614,7.283475858567019,29.789820609487588,15.832554116901942
2002-01-07,-2.4652737633781348,7.877035537977589,29.075617962031092,13.979805007047396
2002-01-08,-4.109919920321703,7.870401581546013,30.530597152799878,15.829390809739929
2002-01-09,-3.985489007739266,6.987877461391784,30.466795619356738,15.528303830108754
2002-01-10,-4.348568119156953,6.909101794198886,32.285910064434965,17.97610542699758
2002-01-11,-5.0923916888085285,6.428990913992214,33.0206522198471,17.66036618077225
2002-01-12,-5.482206208738554,6.28135450989857,34.79234594240267,18.500632655329042
2002-01-13,-6.241984096474283,8.984539259959403,35.44604992262095,18.72179215886131
2002-01-14,-6.218886955958909,8.717409611561447,33.04019193805132,18.856312490424006
2002-01-15,-7.032041956371702,9.516882723113058,31.825885445608968,20.86830138633296
2002-01-16,-5.733323955598364,10.249772128245667,31.891689949407837,22.425629135101723
2002-01-17,-6.571402825808345,11.18114608746563,31.123052769828583,22.85435675917366
2002-01-18,-7.423889453527979,11.946563334259196,31.36277761518385,20.226995989314464
2002-01-19,-7.684431556723523,10.391011677652987,29.702145584962658,19.670693661110214
2002-01-20,-6.60819538340418,13.040256427549764,30.086288368041966,18.62105545298915
2002-01-21,-5.918647672176504,13.378421787170574,28.5311611522113,19.359294299463592
2002-01-22,-5.327941863545705,13.27660430262913,28.26201659211976,18.886767499987553
2002-01-23,-5.352261366497631,13.283297200905174,28.41198334010796,19.37296042852615
2002-01-24,-5.584143657210499,13.21428894929687,29.190111071044285,19.400516269385367
2002-01-25,-5.395394319727647,13.447115484970983,28.74356254246778,19.379083921259955
2002-01-26,-5.005324573601692,12.628754527074083,28.9495433738474,19.152739020901652
2002-01-27,-6.408146789751528,12.438062730817379,28.73864867179325,19.873327589802813
2002-01-28,-6.0943313113766004,12.66463882138513,28.900452964640653,20.783446521868612
2002-01-29,-5.903288392846752,12.994345315644468,27.813249892300547,18.88453007641909
2002-01-30,-6.442162750809254,12.236916284165169,28.498821524763088,18.141362080411298
2002-01-31,-6.446396947487477,11.987498316903821,29.58527926242536,17.796053103436282
2002-02-01,-7.0899633216570805,11.6864015350355,28.443878190532658,17.839763806659132
2002-02-02,-6.4185507383886184,11.637712545017406,27.484146021499704,19.330009760629657
2002-02-03,-4.994532225009461,10.790391687186519,27.744770351940623,20.141459219063158
2002-02-04,-5.719622044418746,11.78343294135671,28.67246310104853,19.71139403167002
2002-02-05,-5.262356888860722,13.018192517125975,29.298537233137896,19.630542965279805
2002-02-06,-4.678866930942006,14.379649253310214,28.407480290142765,18.2290464909253
2002-02-07,-3.4826017959276987,14.481008746773554,26.956879419708667,20.128258457463236
2002-02-08,-2.54636193482089,12.922617324130815,26.639251735973957,19.07129649570729
2002-02-09,-1.8374689865739153,13.63068231577832,27.29726022964635,17.85965251165204
2002-02-10,-0.520332457571181,14.03155533698235,26.658017475027922,18.52487738087104
2002-02-11,-0.6092942951731999,14.81881377140231,27.138105673369367,17.51733431119561
2002-02-12,0.6094735534484121,12.514959331374122,27.650082536907128,16.85560756251487
2002-02-13,1.4209087871195596,12.238438414751945,26.841004281343444,17.218145873513787
2002-02-14,2.6495311375188377,12.24777042168772,25.977891944552184,16.845617074570225
2002-02-15,2.4518806487017013,12.143707908653049,26.931117481527174,17.55263016143475
2002-02-16,1.5592640553179553,10.915198559185965,26.326668161008534,17.166617700052573
2002-02-17,1.9726320131238821,10.990029485655272,24.27105697714,17.53763376957302
2002-02-18,3.4150360268872553,10.11706106167396,23.868791859247047,17.704044731648654
2002-02-19,3.8771256470635973,9.940383233655643,22.677761084057195,17.410456639663757
2002-02-20,5.107546651314388,10.337912086696132,22.005757849451317,17.169818895643733
2002-02-21,5.943149219841789,10.545867106660998,21.51321160403864,15.840839787433724
2002-02-22,5.9757530102227765,9.50860404397056,22.467921087637112,15.927884368651899
2002-02-23,4.831391600702945,11.1902511025864,23.1504796446047,14.891362177538122
2002-02-24,6.2444866631339915,10.032224541943156,23.250683872199964,16.351721209537185
2002-02-25,6.499653035574531,11.09564819806288,23.912108531273216,16.148211815831157
2002-02-26,6.942031833955636,11.956199637272489,24.851831168642054,14.351436877586409
2002-02-27,7.471566831100551,10.933424656539268,24.885798224827262,14.696519028214531
2002-02-28,6.279054540847552,11.500543820484374,24.849220682674634,15.314378136690603
2002-03-01,5.524146783630365,11.421200641061644,25.605592950629557,15.310571639792697
2002-03-02,6.073487521064248,12.024704386253154,25.50197884267103,15.601003285581987
2002-03-03,6.360551356876251,12.551595784604825,26.1506491572341,15.713934630265292
2002-03-04,4.459275229202592,12.68806475721883,25.012394378368008,17.378854106859244
2002-03-05,4.424322920147834,11.740169261230808,24.517727720417717,17.506860151595312
2002-03-06,3.9306045912893857,10.93027714631857,23.77430849272377,16.488262387511273
2002-03-07,4.271390416142809,10.813177342954646,23.389825793513147,15.394082008644773
2002-03-08,3.958298862018563,10.268466240481333,24.273211298088093,15.928735067865182
2002-03-09,3.583454326056853,10.049812177079763,22.815271575988458,15.337282920847514
2002-03-10,1.8365089050840817,8.988469760139097,22.964342211796012,15.644388833718525
2002-03-11,2.51684067095246,8.029107385994207,23.115465928060885,13.377257911836175
2002-03-12,3.179743367665562,7.085583760108555,22.59478999565428,13.376600452451243
2002-03-13,2.7015844281849306,6.554765361644027,23.55724640295356,15.392388845955132
2002-03-14,3.0711086834242614,3.5726699536552675,25.977544256913447,15.00444418429598
2002-03-15,1.514201469033086,4.9455294572331,25.079264186317317,15.255595235457319
2002-03-16,0.4851679689917485,5.267050181486308,27.43126010342786,14.812856490760218
2002-03-17,-1.736364524526999,6.321944709550232,28.178831138444284,15.533937373850218
2002-03-18,-2.910897370001443,6.502291151284802,29.56124967627108,14.916374907850262
2002-03-19,-3.7718387191819027,5.7362933130520055,30.847235325406373,14.83125934899255
2002-03-20,-3.268616803790693,4.406052691866615,31.524483964132756,15.386121508713865
2002-03-21,-1.0411071775677052,4.864230353449941,30.83265468046494,15.141471238952901
2002-03-22,0.3587239710036849,4.655190732372138,31.330722834774758,15.325265501073696
2002-03-23,0.5562726023802385,4.867468707915164,30.29190252188414,16.30741681330356
2002-03-24,2.096921890578528,4.157532431980945,31.373871535400507,18.246963151298505
2002-03-25,2.989342845117448,5.33229168600393,33.22489105098332,18.282078464110022
2002-03-26,2.982668336111319,4.486541931357173,33.477968225550995,19.991312951387943
2002-03-27,5.9118190773414305,3.693317548670332,34.397395803676595,21.08995705095293
2002-03-28,3.7804145176118396,4.149116203077666,31.607525815419265,21.42558178667737
2002-03-29,3.0480227722653495,5.5837345335564486,32.60077651974786,20.893329452354894
2002-03-30,4.718027297243433,6.0139231293541195,33.39241377768682,21.773989119325783
2002-03-31,3.4082277351519066,6.8885903752284685,33.541499618346194,21.103837219963232
2002-04-01,3.8956868993363525,7.832049482058943,34.518607653726676,20.223411042985038
2002-04-02,3.269762420531398,7.617226138655896,33.577797902796405,19.167031214570226
2002-04-03,3.275486580212331,7.950896303366944,34.092542603241995,20.10555534090277
2002-04-04,3.2237200642290538,8.7120251782345,34.69524886319546,19.875694782034103
2002-04-05,4.471408703710643,8.324419388352183,33.327491464677166,19.88170826897134
2002-04-06,5.026112254684729,8.009837549511216,30.382839815792607,20.117731569422205
2002-04-07,5.871117533973859,7.106527177428899,31.15350589703715,20.070420965967312
2002-04-08,8.22213394747606,8.49190212640384,32.026178384851555,19.5832593514369
2002-04-09,8.11120986238419,8.172522020584676,32.13228388702701,20.740743777801598
2002-04-10,8.427826365397188,7.049550844657546,31.99109103233691,21.914075829337055
2002-04-11,6.365833551277451,7.052972748336475,33.12188427163161,21.398075337196314
2002-04-12,5.510430487999335,6.369865977382234,32.58231955733945,20.07893870092358
2002-04-13,5.503043900632268,6.313055644150716,34.14019334289178,21.37839888797515
2002-04-14,5.45735951647275,6.02415455049765,34.405897421312396,23.136172626667058
2002-04-15,6.403688627597113,5.6283072594752825,35.43284539036305,24.485521142318245
2002-04-16,6.76042257428286,5.505542429633142,35.007707920130734,22.919080945145613
2002-04-17,7.361312629448815,5.4294030146391306,36.04018264548767,23.311691069225002
2002-04-18,7.201394590494831,6.474638494329923,36.980821797518615,23.274673283044365
2002-04-19,7.3016837157131596,6.052311675403581,37.59313286266046,22.279365433006415
2002-04-20,9.409273130557914,3.982195633382588,39.35798384910871,20.95017879679478
2002-04-21,9.438184591874265,3.5833194645784925,39.11310534989114,20.99179693891321
2002-04-22,9.43458189904876,4.658754166795076,39.54405847545654,22.513923813325675
2002-04-23,10.597275719401761,3.375267116349487,39.38533396860323,22.65108971395779
2002-04-24,12.518590271084859,3.6378785005508525,39.72133159289123,21.698406837917616
2002-04-25,13.057401944959546,4.626378352325885,39.21043474459843,22.147032005878405
2002-04-26,11.63905589338233,2.5848191361490724,38.74620213089397,21.2040889668789
2002-04-27,12.797459025656712,3.6116757781211533,38.707618474955474,20.98679207079269
2002-04-28,12.18990621571606,5.523008617994337,39.01155644278939,19.5830207994847
2002-04-29,13.058223161587156,5.359169289317256,37.846278712296815,17.454989323967837
2002-04-30,13.00672167595616,6.195321255795481,37.77981639720168,17.94723098800432
2002-05-01,13.980383849172956,5.194856388385597,39.62966676419527,17.890294683080754
2002-05-02,13.620071861464895,6.1021398993538964,39.4022107986914,18.046584147819363
2002-05-03,13.741638058262454,5.421929184505402,39.81468361755534,17.93939175967554
2002-05-04,13.126014450759165,6.37273103707644,39.08572254796736,18.424837305171874
2002-05-05,13.377458321946497,7.180892574260124,39.96514481627632,18.34714825111304
2002-05-06,13.264602015578005,8.918200402101627,39.72350073815748,17.37405340242214
2002-05-07,13.364829758413109,10.00937223999492,38.707642990301174,17.619726808394066
2002-05-08,13.434610931654111,9.052399513703111,38.86928949175272,17.41399229476934
2002-05-09,12.164145703294166,8.788092295449955,40.18830378706106,17.393976342554918
2002-05-10,10.433404724749506,8.915048048297322,39.56534608315709,16.99417161540793
2002-05-11,12.329373386547433,9.714037174524135,40.37123285353202,16.02993286979432
2002-05-12,9.625092366353183,8.561467734555553,40.53819033818464,16.184641123377293
2002-05-13,10.554684100819426,9.188042797620527,39.49625820733375,16.289638044154408
2002-05-14,10.028493357329186,9.479607480286981,40.289223059941925,15.705442857970825
2002-05-15,10.703847384377253,8.883291875066716,39.056429097668115,16.174038445499992
2002-05-16,11.905527340852027,6.718580122886506,39.46394205401552,14.543401060217247
2002-05-17,12.271885141053097,7.680374191856437,40.317107434348024,14.018737902621877
2002-05-18,13.698058001504268,7.067488658079425,41.7531001735335,12.925924593234123
2002-05-19,14.819343494056467,7.402136382647898,41.67382667611766,11.811408262157025
2002-05-20,14.4536938308263,7.861024009356232,41.8933766210499,10.753589691245663
2002-05-21,14.942864281037345,7.106320000281664,42.71078494150971,13.022145752118051
2002-05-22,14.662902458098483,7.3887189250911565,42.7914100086138,11.28727946680273
2002-05-23,12.428111842703899,8.676884508372158,43.829845106799006,10.548679703231103
2002-05-24,13.37841680840684,9.86000151064186,45.27330150135291,12.628097856180647
2002-05-25,14.080046459280416,10.468031126207967,45.32076343493984,11.773314357068674
2002-05-26,13.525510363958077,12.395809030821225,46.02675583022576,10.656435999522822
2002-05-27,12.81440326012555,11.419686286891915,46.28098990921976,11.540695117698318
2002-05-28,12.27645717373318,11.98219946908817,46.21206973115719,11.827175450189797
2002-05-29,10.577257973960382,13.502596516164777,46.15513662166694,11.905262072357933
2002-05-30,11.235192348127002,13.44734407566362,47.50870241387973,11.630294232086746
2002-05-31,11.119806201542096,12.549482326635609,49.85990437325402,9.379005554614992
2002-06-01,10.95779071965143,12.88710977385095,50.73266552993653,9.457796978037752
2002-06-02,11.468376949723615,11.670653242262503,49.90410712373417,7.355836268563368
2002-06-03,9.915589127614249,9.654451753081434,49.15322506159834,7.659890702122268
2002-06-04,10.858718193630502,9.497881786436187,50.61433393618027,8.075302867309308
2002-06-05,10.094099011195258,11.980408482156477,49.189043050820736,8.754844950746756
2002-06-06,12.473964714050952,12.37443076630203,49.961919976676,6.566055103463156
2002-06-07,12.938585636213531,12.996323522833697,49.26720716373545,6.4263801128717155
2002-06-08,11.973183882988293,13.578945130483934,49.0900352577097,5.8306012171314245
2002-06-09,13.113380833168943,14.101252281862099,48.154717294039926,6.77669673451696
2002-06-10,11.402012579285289,12.828760371387514,47.309531308191296,8.96458495884732
2002-06-11,11.38802734967664,12.12467211520956,45.94790578773416,9.134189088483645
2002-06-12,11.087353939445011,12.851331936895223,45.417180372806904,8.472174368275411
2002-06-13,11.326225419101217,13.022900078714224,44.7612413188011,7.221445213951735
2002-06-14,10.654604817897873,14.887248416951746,43.14258287630885,8.012783933801787
2002-06-15,10.550395170869704,13.441742637002692,43.080538708329755,7.834074444479179
2002-06-16,9.378203987920614,14.541433398318445,43.05926444755879,5.8517228345730175
2002-06-17,9.308491556555431,15.268622523819142,43.63924053488738,5.93273335951981
2002-06-18,8.964108121349895,15.53600596029991,43.67132489922153,4.576484066798661
2002-06-19,8.823031255566416,14.589111057649463,42.92602451454512,4.47347899983555
2002-06-20,8.055354582767206,14.563758845608849,41.03308873375391,3.439886267344119
2002-06-21,9.477596707714124,13.290173867149324,41.38434806848177,4.161656311987721
2002-06-22,10.621240762744437,12.89580767750557,41.95887818987234,3.701584860639833
2002-06-23,10.287752579414706,12.804628175198367,41.824648624116854,2.9190276645524222
2002-06-24,9.89793720134838,12.00922995606088,40.45348417987226,3.3399252047466814
2002-06-25,9.56745275169754,11.47744499451121,38.48693486118089,2.619570158413656
2002-06-26,8.444613050691874,9.513903223581474,37.761687282168666,5.059904831744195
2002-06-27,9.178745307441542,10.464655340380949,38.18064071316667,5.505938276538974
2002-06-28,8.267339357551865,10.103430728617486,36.83812355083019,4.80994950002842
2002-06-29,8.614333689165658,9.517061574422362,36.25286444152007,3.598839492435028
2002-06-30,8.80495610906645,9.403690251402844,35.9879075385522,3.572587605286532
2002-07-01,8.365480946588107,9.710938773022521,37.28835306893979,4.002921720519659
2002-07-02,10.065397996957886,8.99631774752352,37.73498379447212,3.0765570817088372
2002-07-03,10.513701759642654,9.630923730264604,38.639416068369776,5.370118948793992
2002-07-04,11.5192875559648,8.661413715420592,40.13441510488361,4.4689120856207465
2002-07-05,10.752334248175032,9.902145656572928,40.39489365236895,3.943184999128503
2002-07-06,8.749144022503229,9.257426965509772,41.597909444802696,4.404142760389313
2002-07-07,8.092697812251327,9.61288664381588,41.35291251471279,4.947893067768627
2002-07-08,8.070848394518613,9.972692455793029,40.817604142039784,4.852274002622248
2002-07-09,8.922732360534106,9.5123753029181,40.053221391395205,4.273296803334237
2002-07-10,9.300086067132384,8.064163506980247,40.44099223874848,5.32607680789177
2002-07-11,8.923112064813822,7.3920192895981485,40.88524021584855,7.311066099497877
2002-07-12,10.014995083754618,7.611533074075625,39.248340591663975,7.669045376385093
2002-07-13,10.4765816795217,9.557436770956157,39.13071691551546,8.859078372289487
2002-07-14,9.874862952203133,9.473919078573095,38.0688010677128,8.718896568127855
2002-07-15,9.49281103920196,8.985925553968102,37.96890087853527,7.70313913213098
2002-07-16,10.28704660079344,8.80791606850922,37.45321376674909,7.661007959930135
2002-07-17,10.869008763147303,7.443366649998319,37.68700689767143,6.981164954683088
2002-07-18,10.475580283049686,10.419466298942062,39.271552464387725,8.044560401261771
2002-07-19,8.807375434690641,10.215206353090824,38.7532653228026,5.877356410301603
2002-07-20,9.752894286899103,8.197062871313262,37.74577823154468,6.6910287207848835
2002-07-21,10.4495002443357,6.615121334244252,38.14580113250181,7.1002155340149145
2002-07-22,10.365082420200803,6.146377617487857,38.98284857615222,7.547284724707298
2002-07-23,12.056198324342839,7.540524685524238,38.93134480654195,8.35231348609333
2002-07-24,13.021812305210814,6.488498380497669,39.29982267082734,8.003948198350367
2002-07-25,15.128978034920317,6.831494485886953,39.89591702771393,7.249844287670896
2002-07-26,14.496011650854104,5.39679337222939,39.95226186917471,7.130276526172265
2002-07-27,13.71841039133643,5.71350563367984,40.66026629377707,7.6234940354087195
2002-07-28,12.381202766147466,5.461493770681861,38.53054799505188,9.412996201126735
2002-07-29,12.613219816368028,4.411940833591686,37.50609678492726,10.370409679608082
2002-07-30,10.910352394191378,2.117131039175514,38.62400708601662,9.821057212177067
2002-07-31,10.62031066883239,1.5220313575284417,39.19924988394831,9.993233706067212
2002-08-01,10.922800757684676,2.2247823985868216,39.08211715398654,11.029248627279566
2002-08-02,11.107864285386416,2.558192958470723,37.73073445221026,12.174820220833901
2002-08-03,9.357320156972126,2.939230306046075,38.28178283572747,12.267421225266952
2002-08-04,8.634719230947765,3.568983262215392,39.8721966576162,11.231531974121536
2002-08-05,9.116542154590674,2.7847613792620822,39.4106140187293,11.017145373650807
2002-08-06,8.890522758885794,2.509075217626003,39.99752574975141,11.999674885579138
2002-08-07,8.588929239701894,2.303225276258326,39.61585912614777,13.730139662691647
2002-08-08,7.203110599048799,2.7616682494915787,40.5050797598043,13.115335065523178
2002-08-09,7.856559593857538,1.7999408719644068,40.9834466166753,13.055588282226234
2002-08-10,8.590607248092612,1.2500977663746027,39.08766494627763,11.545236140029873
2002-08-11,10.401189639079771,2.0645492260940768,39.162961051707164,10.188338750216376
2002-08-12,11.82688604055947,2.6369066858132495,39.006200502716645,11.646766737049015
2002-08-13,9.487121720281634,4.725029166076741,37.19688919559754,12.705098551333972
2002-08-14,11.732504281315514,4.940394878253438,38.258513990027055,14.184167522472478
2002-08-15,10.942646707618355,5.684887052651336,38.57918826064717,15.810087144082273
2002-08-16,10.33332384016,5.53097831900109,40.128304825377626,15.1139984137499
2002-08-17,9.48099869124752,3.8326950971118277,40.38977931661583,15.577960862684115
2002-08-18,7.978078748283727,3.713581663342257,40.007388810403555,15.872277593038445
2002-08-19,9.326692009869804,3.894154017763204,41.60243760565014,16.991390716275728
2002-08-20,9.472612710565464,5.279956384167013,40.876376853308905,16.38647680460549
2002-08-21,9.804342689737597,4.699043108184679,40.52107910707542,16.0586747496385
2002-08-22,9.774139899454326,2.963595087688491,41.12326148804553,16.067666223480657
2002-08-23,9.617128830504278,6.108290563017732,40.90927503805301,16.199315396927247
2002-08-24,8.826480840318787,4.708445173597944,41.052295931733944,17.765432991337974
2002-08-25,8.675436781310891,4.017624360489817,41.19868593719778,16.946933892031176
2002-08-26,7.552360672872112,5.046061709002191,41.494926970870395,17.471702070162223
2002-08-27,7.478756872607136,4.359591539924092,41.07239529955953,18.322466383658277
2002-08-28,6.807439211388261,5.71019070365853,42.758193006007424,16.953542725276694
2002-08-29,6.478191067878122,5.824170270652842,42.333293293065495,16.500277084718736
2002-08-30,7.244145292163758,8.112884175147508,42.11337974188855,17.966251580144384
2002-08-31,6.55360472153634,7.026072645018013,42.05117649360299,17.10637496312472
2002-09-01,7.716049641506104,6.146760082738992,41.59111387361494,18.062173933804925
2002-09-02,8.063670587564864,6.041984357718456,41.325964466367815,18.541665417438413
2002-09-03,8.859328293052798,5.8566641206281735,42.35046854704698,18.77984436130826
2002-09-04,8.909073883112756,5.388143028046125,42.9099071035984,18.668435486337025
2002-09-05,10.06672293477169,5.383048566110785,42.527300219898656,17.942108463666973
2002-09-06,11.65922369227318,3.177040080324204,41.68209013896345,16.287584282385545
2002-09-07,12.697242627846439,4.4795044031312115,39.51058220996203,16.42457524979673
2002-09-08,11.880195097194553,4.364211546682481,39.85218871220231,15.656319543012657
2002-09-09,11.276108606994711,5.650046631900087,40.11571996237365,15.119581650714148
2002-09-10,12.335803257403334,6.605288384775796,38.91896372792852,15.817914104393294
2002-09-11,13.293496202960515,7.344584326495037,39.29842278251939,15.19369261298195
2002-09-12,13.076768508668689,7.729452723812941,39.82088569598388,13.88850373059089
2002-09-13,13.983369080837502,6.401951643455568,39.50955821756182,14.211789826856869
2002-09-14,13.722109076405053,5.404134731587937,39.11828871611738,13.577064124732509
2002-09-15,13.707765845391062,4.124135246846119,40.47202568302274,14.033089320599533
2002-09-16,12.836868456575601,4.715270987294496,41.74232415679579,15.300125184399425
2002-09-17,12.729542820391675,3.714832234990758,42.000295708004735,15.927090449029869
2002-09-18,11.960499688756371,3.9153200133928854,39.980776717271,15.809197504118389
2002-09-19,11.5128779520374,3.532498852855615,39.77366738477275,15.99944309692445
2002-09-20,9.232641069503572,3.946115780549291,40.59614713978254,15.684144755727692
2002-09-21,8.922731253138846,3.6277943877807415,40.597571305801786,16.71329730749209
2002-09-22,6.164985446877642,2.301999734593808,41.84954060824687,17.425155976271753
2002-09-23,4.536927568226112,1.6147009958782417,40.74918782930063,16.66363980937108
2002-09-24,4.967296301600699,0.7769959254658592,40.452472741973075,18.056628496344434
2002-09-25,4.301466222033318,0.8061074551446445,41.469106697862756,17.6158062164788
2002-09-26,3.7234546855476047,0.9025138340988594,41.21487740234332,18.68205119180846
