,Rating (Num),Timestamp,Track,location,week,Schedule Pacing,Year
0,6,8/5/2016 1:39:41,Unknown,Taipei,7,3.0,2016
1,8,8/5/2016 1:40:47,Unknown,Taipei,7,3.0,2016
2,8,8/5/2016 1:40:50,Unknown,Taipei,7,3.0,2016
3,8,8/5/2016 1:42:44,Unknown,Taipei,7,4.0,2016
4,10,8/5/2016 1:45:13,Unknown,Taipei,7,4.0,2016
5,8,8/5/2016 1:45:39,Unknown,Taipei,7,3.0,2016
6,8,8/5/2016 1:49:21,Unknown,Taipei,7,3.0,2016
7,10,8/8/2016 1:30:34,Unknown,Taipei,7,3.0,2016
8,10,8/8/2016 1:33:45,Unknown,Taipei,7,3.0,2016
9,10,8/8/2016 1:49:29,Unknown,Taipei,7,3.0,2016
10,6,8/8/2016 1:51:00,Unknown,Taipei,7,3.0,2016
11,6,7/31/2016 1:04:57,Unknown,Tokyo,6,4.0,2016
12,8,7/31/2016 3:38:14,Unknown,Tokyo,6,3.0,2016
13,8,7/31/2016 3:59:43,Unknown,Tokyo,6,1.0,2016
14,8,7/31/2016 4:19:51,Unknown,Tokyo,6,2.0,2016
15,10,7/31/2016 5:14:20,Unknown,Tokyo,6,4.0,2016
16,6,7/31/2016 6:50:12,Unknown,Tokyo,6,3.0,2016
17,10,7/31/2016 15:23:52,Unknown,Tokyo,6,5.0,2016
18,8,7/31/2016 16:49:45,Unknown,Tokyo,6,2.0,2016
19,6,8/1/2016 1:18:47,Unknown,Tokyo,6,4.0,2016
20,10,8/1/2016 1:30:17,Unknown,Tokyo,6,3.0,2016
21,10,8/1/2016 1:30:17,Unknown,Tokyo,6,3.0,2016
22,8,8/1/2016 6:15:10,Unknown,Tokyo,6,4.0,2016
23,8,8/1/2016 7:56:08,Unknown,Tokyo,6,3.0,2016
24,4,6/23/2016 22:24:53,Unknown,Singapore,1,3.0,2016
25,4,6/27/2016 4:03:03,Unknown,Singapore,1,3.0,2016
26,6,6/23/2016 22:13:04,Unknown,Singapore,1,3.0,2016
27,8,6/23/2016 22:09:23,Unknown,Singapore,1,4.0,2016
28,8,6/23/2016 22:11:39,Unknown,Singapore,1,4.0,2016
29,8,6/23/2016 22:11:44,Unknown,Singapore,1,4.0,2016
30,8,6/23/2016 22:13:25,Unknown,Singapore,1,3.0,2016
31,8,6/23/2016 22:15:33,Unknown,Singapore,1,3.0,2016
32,8,6/23/2016 22:41:02,Unknown,Singapore,1,4.0,2016
33,8,6/23/2016 23:56:36,Unknown,Singapore,1,3.0,2016
34,8,6/25/2016 22:17:48,Unknown,Singapore,1,3.0,2016
35,10,6/23/2016 22:13:09,Unknown,Singapore,1,5.0,2016
36,6,8/5/2016 11:22:50,Intro,LA,7,2.0,2016
37,10,8/5/2016 11:23:13,Intro,LA,7,3.0,2016
38,8,8/5/2016 11:24:20,Games,LA,7,2.0,2016
39,8,8/5/2016 11:29:26,Intro,LA,7,3.0,2016
40,8,8/5/2016 11:31:08,Games,LA,7,3.0,2016
41,10,8/5/2016 11:57:53,Games,LA,7,3.0,2016
42,8,8/5/2016 13:23:30,Intro,LA,7,4.0,2016
43,10,8/5/2016 13:58:27,Games,LA,7,3.0,2016
44,10,8/5/2016 14:00:14,Games,LA,7,3.0,2016
45,10,7/15/2016 15:26:38,Apps,SF,4,3.0,2016
46,8,7/15/2016 15:31:37,Apps,SF,4,3.0,2016
47,8,7/15/2016 15:32:59,Apps,SF,4,4.0,2016
48,6,7/15/2016 16:18:00,Apps,SF,4,4.0,2016
49,8,7/15/2016 16:19:09,Apps,SF,4,4.0,2016
50,6,7/15/2016 16:21:25,Apps,SF,4,4.0,2016
51,8,7/15/2016 17:34:39,Apps,SF,4,3.0,2016
52,10,7/15/2016 20:20:33,Apps,SF,4,3.0,2016
53,8,7/15/2016 20:39:49,Apps,SF,4,3.0,2016
54,8,7/16/2016 12:46:10,Apps,SF,4,3.0,2016
55,10,7/17/2016 16:27:57,Apps,SF,4,2.0,2016
56,8,7/15/2016 15:30:54,Games,SF,4,3.0,2016
57,8,7/15/2016 15:54:54,Games,SF,4,3.0,2016
58,10,7/15/2016 19:08:37,Games,SF,4,4.0,2016
59,10,7/16/2016 9:18:45,Games,SF,4,5.0,2016
60,10,7/17/2016 17:05:09,Games,SF,4,3.0,2016
61,10,7/14/2016 14:05:15,Intro,SF,4,4.0,2016
62,6,7/14/2016 14:06:20,Intro,SF,4,4.0,2016
63,8,7/14/2016 15:04:21,Intro,SF,4,4.0,2016
64,6,7/14/2016 15:47:33,Intro,SF,4,5.0,2016
65,8,7/15/2016 15:15:37,Intro,SF,4,4.0,2016
66,8,7/15/2016 16:03:37,Intro,SF,4,3.0,2016
67,6,7/15/2016 16:05:04,Intro,SF,4,3.0,2016
68,8,7/15/2016 16:20:07,Intro,SF,4,3.0,2016
69,10,7/16/2016 13:12:50,Intro,SF,4,3.0,2016
70,8,7/17/2016 21:45:33,Intro,SF,4,4.0,2016
71,10,7/19/2016 11:46:56,Intro,SF,4,3.0,2016
72,10,7/15/2016 17:02:43,VR,SF,4,3.0,2016
73,8,7/16/2016 18:46:18,VR,SF,4,3.0,2016
74,6,7/18/2016 8:27:48,VR,SF,4,4.0,2016
75,6,7/18/2016 8:35:24,VR,SF,4,4.0,2016
76,8,7/22/2016 12:52:43,Apps,SV,5,3.0,2016
77,10,7/22/2016 12:53:47,Apps,SV,5,3.0,2016
78,6,7/23/2016 14:14:16,Apps,SV,5,3.0,2016
79,4,7/22/2016 14:37:17,Apps,SV,5,3.0,2016
80,8,7/22/2016 12:49:36,Games,SV,5,3.0,2016
81,8,7/22/2016 12:50:23,Games,SV,5,3.0,2016
82,10,7/22/2016 12:53:36,Apps,SV,5,3.0,2016
83,6,7/22/2016 13:11:42,Apps,SV,5,3.0,2016
84,10,7/22/2016 14:03:30,Apps,SV,5,3.0,2016
85,8,7/22/2016 14:25:23,Apps,SV,5,4.0,2016
86,8,7/22/2016 14:54:14,Apps,SV,5,3.0,2016
87,10,7/22/2016 14:26:04,Apps,SV,5,3.0,2016
88,8,7/22/2016 12:45:30,Intro,SV,5,4.0,2016
89,10,7/22/2016 14:25:54,Apps,SV,5,3.0,2016
90,8,7/22/2016 12:47:59,Apps,SV,5,5.0,2016
91,4,7/22/2016 16:21:04,Apps,SV,5,2.0,2016
92,8,7/22/2016 14:25:46,Apps,SV,5,3.0,2016
93,10,7/22/2016 15:53:14,Apps,SV,5,4.0,2016
94,6,7/22/2016 18:00:51,Apps,SV,5,4.0,2016
95,8,7/22/2016 12:51:51,Apps,SV,5,4.0,2016
96,8,7/22/2016 14:26:06,Apps,SV,5,3.0,2016
97,8,7/22/2016 14:27:03,Apps,SV,5,3.0,2016
98,6,7/22/2016 14:28:15,Apps,SV,5,4.0,2016
99,10,7/22/2016 12:43:02,Games,SV,5,3.0,2016
100,10,7/22/2016 12:46:29,Games,SV,5,3.0,2016
101,8,7/22/2016 12:50:31,Games,SV,5,5.0,2016
102,8,7/22/2016 14:26:59,Games,SV,5,3.0,2016
103,8,7/22/2016 14:27:45,Intro,SV,5,3.0,2016
104,8,7/22/2016 12:45:12,Intro,SV,5,3.0,2016
105,10,7/22/2016 13:00:34,Intro,SV,5,3.0,2016
106,8,7/22/2016 14:40:12,Intro,SV,5,3.0,2016
107,8,7/22/2016 12:44:15,Intro,SV,5,3.0,2016
108,10,7/22/2016 12:45:16,Intro,SV,5,3.0,2016
109,8,7/22/2016 12:49:41,Intro,SV,5,4.0,2016
110,8,7/22/2016 12:52:37,Intro,SV,5,2.0,2016
111,10,7/22/2016 12:52:51,Intro,SV,5,3.0,2016
112,6,7/22/2016 15:24:21,Games,SV,5,5.0,2016
113,10,7/22/2016 15:54:08,Games,SV,5,2.0,2016
114,6,7/22/2016 15:24:25,Games,SV,5,3.0,2016
115,10,7/22/2016 12:45:22,Games,SV,5,3.0,2016
116,10,7/22/2016 14:04:51,Games,SV,5,3.0,2016
117,8,7/15/2016 2:45:00,Unknown,SG,4,3.0,2016
118,8,7/15/2016 2:45:11,Unknown,SG,4,4.0,2016
119,6,7/15/2016 2:48:37,Unknown,SG,4,3.0,2016
120,8,7/15/2016 2:53:18,Unknown,SG,4,3.0,2016
121,6,7/15/2016 2:56:09,Unknown,SG,4,4.0,2016
122,8,7/15/2016 4:37:33,Unknown,SG,4,3.0,2016
123,8,7/15/2016 19:59:23,Unknown,SG,4,3.0,2016
124,6,7/15/2016 20:46:14,Unknown,SG,4,4.0,2016
125,8,7/17/2016 19:06:22,Unknown,SG,4,3.0,2016
126,4,7/29/2016 6:54:22,Apps,NY,6,2.0,2016
127,8,7/29/2016 6:55:40,Apps,NY,6,3.0,2016
128,8,7/29/2016 7:26:56,Apps,NY,6,4.0,2016
129,10,7/29/2016 9:46:08,Apps,NY,6,3.0,2016
130,10,7/29/2016 11:17:08,Games,NY,6,3.0,2016
131,8,7/29/2016 13:11:59,Intro,NY,6,3.0,2016
132,6,7/29/2016 13:13:36,Apps,NY,6,3.0,2016
133,10,7/29/2016 13:14:07,Apps,NY,6,3.0,2016
134,6,7/29/2016 13:14:32,Games,NY,6,3.0,2016
135,8,7/29/2016 13:15:14,Apps,NY,6,3.0,2016
136,10,7/29/2016 13:17:10,Intro,NY,6,4.0,2016
137,8,7/29/2016 13:17:26,Intro,NY,6,3.0,2016
138,10,7/29/2016 13:17:34,Apps,NY,6,3.0,2016
139,4,7/29/2016 13:17:36,Apps,NY,6,1.0,2016
140,8,7/29/2016 13:17:47,Intro,NY,6,3.0,2016
141,8,7/29/2016 13:17:56,Apps,NY,6,3.0,2016
142,10,7/29/2016 13:19:10,Intro,NY,6,3.0,2016
143,8,7/29/2016 13:19:53,Games,NY,6,3.0,2016
144,10,7/29/2016 13:21:00,Apps,NY,6,5.0,2016
145,8,8/5/2016 12:40:44,Games,NY,6,3.0,2016
146,8,7/21/2016 21:57:59,Unknown,HK,5,3.0,2016
147,10,7/21/2016 21:59:37,Unknown,HK,5,3.0,2016
148,10,7/21/2016 22:01:53,Unknown,HK,5,3.0,2016
149,6,6/24/2016 14:02:56,Apps,SF,1,2.0,2016
150,6,6/23/2016 14:48:47,Apps,SF,1,3.0,2016
151,6,6/24/2016 9:50:50,Apps,SF,1,4.0,2016
152,6,6/24/2016 13:21:09,Apps,SF,1,5.0,2016
153,8,6/23/2016 13:21:46,Apps,SF,1,2.0,2016
154,8,6/24/2016 13:58:52,Apps,SF,1,2.0,2016
155,8,6/24/2016 14:12:41,Apps,SF,1,2.0,2016
156,8,6/23/2016 13:19:38,Apps,SF,1,3.0,2016
157,8,6/24/2016 9:49:30,Apps,SF,1,3.0,2016
158,8,6/24/2016 9:53:41,Apps,SF,1,3.0,2016
159,8,6/24/2016 9:54:45,Apps,SF,1,3.0,2016
160,8,6/24/2016 11:37:05,Apps,SF,1,3.0,2016
161,8,6/24/2016 11:40:59,Apps,SF,1,3.0,2016
162,8,6/24/2016 11:46:04,Apps,SF,1,3.0,2016
163,8,6/24/2016 13:07:03,Apps,SF,1,3.0,2016
164,8,6/24/2016 13:11:15,Apps,SF,1,3.0,2016
165,8,6/24/2016 13:20:57,Apps,SF,1,3.0,2016
166,8,6/24/2016 13:27:16,Apps,SF,1,3.0,2016
167,8,6/24/2016 13:33:49,Apps,SF,1,3.0,2016
168,8,6/24/2016 13:37:25,Apps,SF,1,3.0,2016
169,8,6/24/2016 13:38:57,Apps,SF,1,3.0,2016
170,8,6/23/2016 16:11:39,Apps,SF,1,4.0,2016
171,8,6/24/2016 9:51:03,Apps,SF,1,4.0,2016
172,8,6/24/2016 13:58:11,Apps,SF,1,4.0,2016
173,8,6/24/2016 14:07:33,Apps,SF,1,4.0,2016
174,8,6/24/2016 15:34:30,Apps,SF,1,4.0,2016
175,8,6/24/2016 13:16:51,Apps,SF,1,5.0,2016
176,8,6/24/2016 14:05:35,Apps,SF,1,5.0,2016
177,8,6/25/2016 20:09:34,Apps,SF,1,2.0,2016
178,10,6/24/2016 13:32:30,Apps,SF,1,2.0,2016
179,10,6/24/2016 14:05:44,Apps,SF,1,2.0,2016
180,10,6/23/2016 13:17:43,Apps,SF,1,3.0,2016
181,10,6/23/2016 14:44:06,Apps,SF,1,3.0,2016
182,10,6/24/2016 9:49:15,Apps,SF,1,3.0,2016
183,10,6/24/2016 9:49:18,Apps,SF,1,3.0,2016
184,10,6/24/2016 9:50:06,Apps,SF,1,3.0,2016
185,10,6/24/2016 9:50:19,Apps,SF,1,3.0,2016
186,10,6/24/2016 11:34:57,Apps,SF,1,3.0,2016
187,10,6/24/2016 13:05:10,Apps,SF,1,3.0,2016
188,10,6/24/2016 13:07:59,Apps,SF,1,3.0,2016
189,10,6/24/2016 13:09:46,Apps,SF,1,3.0,2016
190,10,6/24/2016 13:18:32,Apps,SF,1,3.0,2016
191,10,6/24/2016 13:27:04,Apps,SF,1,3.0,2016
192,10,6/24/2016 13:27:52,Apps,SF,1,3.0,2016
193,10,6/24/2016 13:38:21,Apps,SF,1,3.0,2016
194,10,6/24/2016 13:38:29,Apps,SF,1,3.0,2016
195,10,6/24/2016 14:01:31,Apps,SF,1,3.0,2016
196,10,6/24/2016 15:38:31,Apps,SF,1,3.0,2016
197,10,6/23/2016 13:19:41,Apps,SF,1,4.0,2016
198,10,6/23/2016 13:19:58,Apps,SF,1,4.0,2016
199,10,6/24/2016 9:50:59,Apps,SF,1,4.0,2016
200,10,6/24/2016 9:51:08,Apps,SF,1,4.0,2016
201,10,6/24/2016 11:05:49,Apps,SF,1,4.0,2016
202,10,6/24/2016 13:34:12,Apps,SF,1,4.0,2016
203,10,6/24/2016 15:38:21,Apps,SF,1,4.0,2016
204,10,6/24/2016 16:23:30,Apps,SF,1,4.0,2016
205,10,6/25/2016 19:10:35,Apps,SF,1,3.0,2016
206,10,6/25/2016 21:41:09,Apps,SF,1,3.0,2016
207,8,6/24/2016 13:34:08,Games,SF,1,3.0,2016
208,8,6/24/2016 13:36:37,Games,SF,1,3.0,2016
209,8,6/24/2016 13:39:47,Games,SF,1,4.0,2016
210,10,6/24/2016 13:32:17,Games,SF,1,3.0,2016
211,10,6/24/2016 13:34:38,Games,SF,1,3.0,2016
212,10,6/24/2016 13:35:43,Games,SF,1,3.0,2016
213,10,6/24/2016 13:36:49,Games,SF,1,3.0,2016
214,10,6/24/2016 14:11:08,Games,SF,1,3.0,2016
215,10,6/24/2016 13:35:31,Games,SF,1,4.0,2016
216,10,6/24/2016 13:45:54,Games,SF,1,4.0,2016
217,6,6/27/2016 15:01:42,Intro,SF,1,3.0,2016
218,8,6/24/2016 11:41:34,Intro,SF,1,3.0,2016
219,8,6/24/2016 11:47:36,Intro,SF,1,3.0,2016
220,8,6/24/2016 13:36:03,Intro,SF,1,3.0,2016
221,8,6/24/2016 13:42:02,Intro,SF,1,3.0,2016
222,8,6/24/2016 13:45:04,Intro,SF,1,3.0,2016
223,8,6/24/2016 13:47:15,Intro,SF,1,3.0,2016
224,8,6/24/2016 11:42:30,Intro,SF,1,4.0,2016
225,8,6/24/2016 12:58:35,Intro,SF,1,4.0,2016
226,8,6/26/2016 22:45:58,Intro,SF,1,4.0,2016
227,10,6/24/2016 11:41:47,Intro,SF,1,2.0,2016
228,10,6/24/2016 11:41:42,Intro,SF,1,3.0,2016
229,10,6/24/2016 11:53:29,Intro,SF,1,3.0,2016
230,10,6/24/2016 13:33:35,Intro,SF,1,3.0,2016
231,10,6/24/2016 13:56:06,Intro,SF,1,3.0,2016
232,10,6/24/2016 16:19:53,Intro,SF,1,3.0,2016
233,10,6/24/2016 11:53:20,Intro,SF,1,4.0,2016
234,10,6/24/2016 14:21:25,Intro,SF,1,4.0,2016
235,10,6/24/2016 13:20:34,Intro,SF,1,5.0,2016
236,10,6/24/2016 13:41:56,Intro,SF,1,5.0,2016
237,10,6/26/2016 23:32:51,Intro,SF,1,3.0,2016
238,6,6/29/2016 22:39:27,VR,SF,1,3.0,2016
239,10,6/24/2016 13:30:31,VR,SF,1,3.0,2016
240,10,6/24/2016 14:41:17,VR,SF,1,3.0,2016
241,10,6/24/2016 17:29:38,VR,SF,1,3.0,2016
242,8,6/30/2016 14:09:14,Unknown,LA,2,2.0,2016
243,6,6/30/2016 22:50:08,Unknown,LA,2,3.0,2016
244,8,7/1/2016 9:34:16,Unknown,LA,2,4.0,2016
245,8,7/1/2016 10:42:17,Unknown,LA,2,3.0,2016
246,8,7/1/2016 11:25:53,Unknown,LA,2,3.0,2016
247,10,7/1/2016 11:57:11,Unknown,LA,2,3.0,2016
248,10,7/1/2016 11:58:37,Unknown,LA,2,3.0,2016
249,10,7/29/2016 1:07:23,Unknown,Taipei,6,3.0,2016
250,10,7/29/2016 1:08:46,Unknown,Taipei,6,4.0,2016
251,10,7/29/2016 1:11:16,Unknown,Taipei,6,3.0,2016
252,10,7/29/2016 1:13:23,Unknown,Taipei,6,3.0,2016
253,8,7/29/2016 1:13:56,Unknown,Taipei,6,3.0,2016
254,8,7/29/2016 1:17:27,Unknown,Taipei,6,3.0,2016
255,6,7/29/2016 1:22:25,Unknown,Taipei,6,4.0,2016
256,6,7/29/2016 1:27:55,Unknown,Taipei,6,3.0,2016
257,10,7/29/2016 1:28:54,Unknown,Taipei,6,2.0,2016
258,8,7/29/2016 1:29:23,Unknown,Taipei,6,4.0,2016
259,10,7/29/2016 1:46:49,Unknown,Taipei,6,4.0,2016
260,10,7/29/2016 21:20:05,Unknown,Taipei,6,3.0,2016
261,8,7/8/2016 6:21:11,Apps,NY,3,3.0,2016
262,10,7/8/2016 6:21:29,Apps,NY,3,3.0,2016
263,8,7/8/2016 6:21:35,Intro,NY,3,3.0,2016
264,10,7/8/2016 6:21:46,Apps,NY,3,3.0,2016
265,8,7/8/2016 6:22:10,Apps,NY,3,2.0,2016
266,8,7/8/2016 6:22:35,Games,NY,3,4.0,2016
267,8,7/8/2016 6:22:50,Intro,NY,3,4.0,2016
268,10,7/8/2016 6:23:09,Apps,NY,3,3.0,2016
269,8,7/8/2016 6:23:28,Games,NY,3,4.0,2016
270,8,7/8/2016 6:23:49,Intro,NY,3,4.0,2016
271,8,7/8/2016 6:23:50,Games,NY,3,4.0,2016
272,8,7/8/2016 6:24:25,Apps,NY,3,4.0,2016
273,8,7/8/2016 6:26:03,Apps,NY,3,3.0,2016
274,8,7/8/2016 6:26:30,Games,NY,3,3.0,2016
275,10,7/8/2016 6:26:40,Apps,NY,3,4.0,2016
276,8,7/8/2016 6:26:49,Apps,NY,3,3.0,2016
277,8,7/8/2016 6:27:01,Games,NY,3,4.0,2016
278,10,7/8/2016 6:27:14,Games,NY,3,4.0,2016
279,8,7/8/2016 6:27:31,Intro,NY,3,4.0,2016
280,8,7/8/2016 6:27:49,Apps,NY,3,4.0,2016
281,10,7/8/2016 6:28:49,Games,NY,3,3.0,2016
282,6,7/8/2016 6:28:56,Intro,NY,3,4.0,2016
283,10,7/8/2016 6:29:05,Apps,NY,3,3.0,2016
284,10,7/8/2016 6:33:10,Apps,NY,3,3.0,2016
285,8,7/8/2016 6:36:23,Intro,NY,3,4.0,2016
286,10,7/8/2016 6:36:36,Games,NY,3,3.0,2016
287,10,7/8/2016 6:38:24,Games,NY,3,3.0,2016
288,8,7/8/2016 12:14:54,Apps,NY,3,3.0,2016
289,10,7/31/2016 8:43:57,Games,LA,6,3.0,2016
290,10,7/31/2016 11:28:09,Intro,LA,6,3.0,2016
291,6,7/31/2016 13:22:31,Games,LA,6,1.0,2016
292,2,8/1/2016 1:39:51,Games,LA,6,3.0,2016
293,10,8/1/2016 9:40:14,Intro,LA,6,3.0,2016
294,10,8/1/2016 9:40:14,Intro,LA,6,3.0,2016
295,10,8/1/2016 10:03:22,Games,LA,6,3.0,2016
296,8,8/1/2016 10:04:06,Games,LA,6,3.0,2016
297,8,8/1/2016 10:06:45,Intro,LA,6,4.0,2016
298,8,8/1/2016 11:22:56,Games,LA,6,4.0,2016
299,6,NO TIMESTAMP,Apps,SF,5,3.0,2016
300,8,NO TIMESTAMP,Apps,SF,5,3.0,2016
301,8,NO TIMESTAMP,Apps,SF,5,3.0,2016
302,8,NO TIMESTAMP,Apps,SF,5,4.0,2016
303,6,NO TIMESTAMP,Apps,SF,5,3.0,2016
304,10,NO TIMESTAMP,Apps,SF,5,3.0,2016
305,6,NO TIMESTAMP,Apps,SF,5,2.0,2016
306,10,NO TIMESTAMP,Apps,SF,5,3.0,2016
307,2,NO TIMESTAMP,Apps,SF,5,3.0,2016
308,8,NO TIMESTAMP,Apps,SF,5,3.0,2016
309,10,NO TIMESTAMP,Apps,SF,5,3.0,2016
310,8,NO TIMESTAMP,Apps,SF,5,4.0,2016
311,6,NO TIMESTAMP,Apps,SF,5,4.0,2016
312,8,NO TIMESTAMP,Games,SF,5,3.0,2016
313,10,NO TIMESTAMP,Games,SF,5,3.0,2016
314,2,NO TIMESTAMP,Games,SF,5,5.0,2016
315,10,NO TIMESTAMP,Games,SF,5,3.0,2016
316,8,NO TIMESTAMP,Games,SF,5,3.0,2016
317,10,NO TIMESTAMP,Games,SF,5,3.0,2016
318,10,NO TIMESTAMP,Intro,SF,5,2.0,2016
319,8,NO TIMESTAMP,Intro,SF,5,3.0,2016
320,6,NO TIMESTAMP,Intro,SF,5,5.0,2016
321,10,NO TIMESTAMP,Intro,SF,5,3.0,2016
322,10,NO TIMESTAMP,Intro,SF,5,4.0,2016
323,10,NO TIMESTAMP,Intro,SF,5,3.0,2016
324,10,NO TIMESTAMP,Intro,SF,5,3.0,2016
325,10,NO TIMESTAMP,Intro,SF,5,3.0,2016
326,10,NO TIMESTAMP,Intro,SF,5,2.0,2016
327,10,NO TIMESTAMP,Intro,SF,5,3.0,2016
328,10,NO TIMESTAMP,Intro,SF,5,3.0,2016
329,8,NO TIMESTAMP,Intro,SF,5,3.0,2016
330,10,NO TIMESTAMP,Intro,SF,5,3.0,2016
331,10,NO TIMESTAMP,Intro,SF,5,3.0,2016
332,8,NO TIMESTAMP,Intro,SF,5,4.0,2016
333,10,NO TIMESTAMP,Intro,SF,5,3.0,2016
334,10,NO TIMESTAMP,Intro,SF,5,3.0,2016
335,10,NO TIMESTAMP,VR,SF,5,4.0,2016
336,10,NO TIMESTAMP,VR,SF,5,4.0,2016
337,8,NO TIMESTAMP,VR,SF,5,4.0,2016
338,10,NO TIMESTAMP,VR,SF,5,3.0,2016
339,6,NO TIMESTAMP,Intro,SF,5,3.0,2016
340,6,NO TIMESTAMP,Intro,SF,5,3.0,2016
341,8,7/22/2016 1:30:17,Unknown,SG,5,3.0,2016
342,8,7/22/2016 1:36:59,Unknown,SG,5,3.0,2016
343,8,7/22/2016 1:42:08,Unknown,SG,5,4.0,2016
344,8,7/22/2016 1:49:13,Unknown,SG,5,3.0,2016
345,8,7/22/2016 1:50:35,Unknown,SG,5,4.0,2016
346,8,7/22/2016 3:08:20,Unknown,SG,5,3.0,2016
347,8,7/22/2016 19:26:57,Unknown,SG,5,3.0,2016
348,6,7/22/2016 22:37:46,Unknown,SG,5,3.0,2016
349,8,7/23/2016 18:59:21,Unknown,SG,5,3.0,2016
350,8,7/23/2016 23:28:39,Unknown,SG,5,3.0,2016
351,4,7/24/2016 11:16:24,Unknown,SG,5,2.0,2016
352,4,7/15/2016 13:30:19,Apps,SV,4,1.0,2016
353,6,7/15/2016 13:31:54,Apps,SV,4,3.0,2016
354,8,7/15/2016 13:35:36,Apps,SV,4,4.0,2016
355,8,7/15/2016 13:58:34,Apps,SV,4,3.0,2016
356,10,7/15/2016 14:01:42,Apps,SV,4,3.0,2016
357,8,7/15/2016 14:09:14,Apps,SV,4,3.0,2016
358,8,7/15/2016 14:10:40,Apps,SV,4,3.0,2016
359,8,7/15/2016 14:15:40,Apps,SV,4,3.0,2016
360,8,7/15/2016 14:26:18,Apps,SV,4,2.0,2016
361,8,7/15/2016 15:54:39,Apps,SV,4,4.0,2016
362,6,7/15/2016 15:54:51,Apps,SV,4,3.0,2016
363,8,7/15/2016 15:55:54,Apps,SV,4,4.0,2016
364,10,7/15/2016 15:55:56,Apps,SV,4,3.0,2016
365,8,7/15/2016 15:56:10,Apps,SV,4,3.0,2016
366,10,7/15/2016 15:56:18,Apps,SV,4,3.0,2016
367,6,7/15/2016 15:57:37,Apps,SV,4,4.0,2016
368,8,7/15/2016 15:57:50,Apps,SV,4,3.0,2016
369,8,7/15/2016 15:58:36,Apps,SV,4,4.0,2016
370,8,7/15/2016 15:58:47,Apps,SV,4,4.0,2016
371,8,7/15/2016 16:03:01,Apps,SV,4,4.0,2016
372,10,7/15/2016 16:06:23,Apps,SV,4,3.0,2016
373,10,7/15/2016 16:21:10,Apps,SV,4,4.0,2016
374,10,7/15/2016 16:23:07,Apps,SV,4,3.0,2016
375,8,7/15/2016 16:55:20,Apps,SV,4,4.0,2016
376,10,7/15/2016 17:11:41,Apps,SV,4,1.0,2016
377,10,7/17/2016 9:52:10,Apps,SV,4,3.0,2016
378,8,7/18/2016 10:35:56,Apps,SV,4,3.0,2016
379,10,7/15/2016 13:56:01,Games,SV,4,2.0,2016
380,10,7/15/2016 13:56:03,Games,SV,4,3.0,2016
381,8,7/15/2016 13:58:40,Games,SV,4,3.0,2016
382,8,7/15/2016 14:00:09,Games,SV,4,4.0,2016
383,8,7/15/2016 14:00:41,Games,SV,4,4.0,2016
384,10,7/15/2016 15:51:03,Games,SV,4,5.0,2016
385,10,7/15/2016 15:57:04,Games,SV,4,3.0,2016
386,6,7/15/2016 15:58:21,Games,SV,4,3.0,2016
387,10,7/15/2016 14:03:03,Intro,SV,4,4.0,2016
388,6,8/5/2016 12:34:16,Apps,NY,7,3.0,2016
389,10,8/5/2016 12:35:50,Apps,NY,7,3.0,2016
390,10,8/5/2016 12:36:31,Games,NY,7,3.0,2016
391,8,8/5/2016 12:36:55,Games,NY,7,3.0,2016
392,8,8/5/2016 12:37:12,Apps,NY,7,3.0,2016
393,8,8/5/2016 12:37:15,Intro,NY,7,4.0,2016
394,10,8/5/2016 12:39:02,Apps,NY,7,3.0,2016
395,10,8/5/2016 12:39:13,Games,NY,7,4.0,2016
396,8,8/5/2016 12:43:00,Games,NY,7,3.0,2016
397,8,8/5/2016 12:43:35,Apps,NY,7,3.0,2016
398,10,8/5/2016 12:45:05,Intro,NY,7,3.0,2016
399,6,8/5/2016 12:45:58,Games,NY,7,3.0,2016
400,10,8/5/2016 12:46:09,Games,NY,7,4.0,2016
401,8,8/5/2016 13:04:11,Apps,NY,7,3.0,2016
402,8,8/5/2016 13:13:02,Intro,NY,7,3.0,2016
403,8,8/5/2016 13:37:41,Apps,NY,7,3.0,2016
404,10,8/5/2016 13:39:55,Intro,NY,7,4.0,2016
405,8,7/8/2016 10:31:27,Unknown,LA,3,2.0,2016
406,8,7/8/2016 13:45:52,Unknown,LA,3,4.0,2016
407,8,7/8/2016 13:47:42,Unknown,LA,3,3.0,2016
408,8,7/8/2016 13:47:59,Unknown,LA,3,3.0,2016
409,8,7/8/2016 14:12:24,Unknown,LA,3,3.0,2016
410,10,7/8/2016 14:13:39,Unknown,LA,3,4.0,2016
411,6,7/1/2016 6:41:31,Apps,NY,2,2.0,2016
412,6,7/1/2016 9:27:32,Apps,NY,2,4.0,2016
413,6,7/1/2016 6:46:34,Games,NY,2,5.0,2016
414,6,7/1/2016 6:47:56,Games,NY,2,3.0,2016
415,8,7/1/2016 6:33:45,Apps,NY,2,3.0,2016
416,8,7/1/2016 6:35:15,Apps,NY,2,4.0,2016
417,8,7/1/2016 6:36:41,Apps,NY,2,3.0,2016
418,8,7/1/2016 6:41:43,Apps,NY,2,3.0,2016
419,8,7/1/2016 7:00:39,Apps,NY,2,2.0,2016
420,8,7/1/2016 8:58:54,Apps,NY,2,4.0,2016
421,8,7/1/2016 10:32:25,Apps,NY,2,3.0,2016
422,8,7/1/2016 6:30:49,Games,NY,2,4.0,2016
423,8,7/1/2016 6:43:54,Games,NY,2,4.0,2016
424,8,7/1/2016 7:02:22,Games,NY,2,4.0,2016
425,8,7/1/2016 6:27:37,Intro,NY,2,3.0,2016
426,8,7/1/2016 6:31:09,Intro,NY,2,3.0,2016
427,8,7/1/2016 6:31:31,Intro,NY,2,4.0,2016
428,8,7/1/2016 6:46:33,Intro,NY,2,3.0,2016
429,10,7/1/2016 6:27:51,Apps,NY,2,3.0,2016
430,10,7/1/2016 6:30:01,Apps,NY,2,3.0,2016
431,10,7/1/2016 6:30:05,Apps,NY,2,3.0,2016
432,10,7/1/2016 6:33:55,Apps,NY,2,4.0,2016
433,10,7/1/2016 6:36:10,Apps,NY,2,3.0,2016
434,10,7/1/2016 6:41:54,Apps,NY,2,4.0,2016
435,10,7/1/2016 6:27:48,Games,NY,2,4.0,2016
436,10,7/1/2016 6:31:02,Intro,NY,2,3.0,2016
437,10,7/1/2016 6:31:12,Intro,NY,2,3.0,2016
438,10,7/1/2016 6:36:15,Intro,NY,2,3.0,2016
439,4,6/24/2016 13:32:01,Games,SV,1,4.0,2016
440,6,6/24/2016 13:48:09,Apps,SV,1,4.0,2016
441,6,6/24/2016 13:49:23,Apps,SV,1,3.0,2016
442,6,6/24/2016 13:53:25,Apps,SV,1,5.0,2016
443,6,6/24/2016 13:55:19,Apps,SV,1,3.0,2016
444,6,6/24/2016 13:41:53,Games,SV,1,3.0,2016
445,8,6/24/2016 13:46:23,Apps,SV,1,4.0,2016
446,8,6/24/2016 13:46:42,Apps,SV,1,3.0,2016
447,8,6/24/2016 13:47:24,Apps,SV,1,3.0,2016
448,8,6/24/2016 13:47:25,Apps,SV,1,4.0,2016
449,8,6/24/2016 13:47:36,Apps,SV,1,3.0,2016
450,8,6/24/2016 13:48:00,Apps,SV,1,4.0,2016
451,8,6/24/2016 13:48:29,Apps,SV,1,4.0,2016
452,8,6/24/2016 13:48:48,Apps,SV,1,3.0,2016
453,8,6/24/2016 13:49:35,Apps,SV,1,4.0,2016
454,8,6/24/2016 13:50:37,Apps,SV,1,3.0,2016
455,8,6/24/2016 13:51:11,Apps,SV,1,4.0,2016
456,8,6/24/2016 13:51:13,Apps,SV,1,4.0,2016
457,8,6/24/2016 13:52:06,Apps,SV,1,3.0,2016
458,8,6/24/2016 13:52:21,Apps,SV,1,3.0,2016
459,8,6/24/2016 13:52:50,Apps,SV,1,5.0,2016
460,8,6/24/2016 13:53:03,Apps,SV,1,3.0,2016
461,8,6/24/2016 13:55:00,Apps,SV,1,3.0,2016
462,8,6/24/2016 13:59:24,Apps,SV,1,3.0,2016
463,8,6/24/2016 13:28:35,Games,SV,1,4.0,2016
464,8,6/24/2016 13:31:45,Games,SV,1,4.0,2016
465,8,6/24/2016 13:32:49,Games,SV,1,4.0,2016
466,8,6/24/2016 13:34:57,Games,SV,1,3.0,2016
467,8,6/24/2016 13:39:47,Games,SV,1,4.0,2016
468,8,6/24/2016 13:45:39,Games,SV,1,3.0,2016
469,8,6/24/2016 14:10:46,Games,SV,1,4.0,2016
470,8,6/24/2016 14:12:14,Games,SV,1,3.0,2016
471,8,6/24/2016 14:12:35,Games,SV,1,4.0,2016
472,8,6/24/2016 13:44:44,Intro,SV,1,4.0,2016
473,8,6/24/2016 13:45:54,Intro,SV,1,3.0,2016
474,8,6/24/2016 13:49:54,Intro,SV,1,4.0,2016
475,8,6/24/2016 13:50:04,Intro,SV,1,3.0,2016
476,8,6/24/2016 13:50:19,Intro,SV,1,4.0,2016
477,8,6/24/2016 13:51:46,Intro,SV,1,3.0,2016
478,8,6/24/2016 13:53:22,Intro,SV,1,3.0,2016
479,8,6/24/2016 13:55:06,Intro,SV,1,3.0,2016
480,10,6/24/2016 13:47:09,Apps,SV,1,3.0,2016
481,10,6/24/2016 13:47:20,Apps,SV,1,3.0,2016
482,10,6/24/2016 13:47:25,Apps,SV,1,3.0,2016
483,10,6/24/2016 13:49:23,Apps,SV,1,3.0,2016
484,10,6/24/2016 13:50:25,Apps,SV,1,3.0,2016
485,10,6/24/2016 13:50:34,Apps,SV,1,3.0,2016
486,10,6/24/2016 13:50:54,Apps,SV,1,4.0,2016
487,10,6/24/2016 13:51:20,Apps,SV,1,4.0,2016
488,10,6/24/2016 13:53:34,Apps,SV,1,3.0,2016
489,10,6/24/2016 13:54:13,Apps,SV,1,4.0,2016
490,10,6/24/2016 13:54:38,Apps,SV,1,4.0,2016
491,10,6/24/2016 13:30:55,Games,SV,1,4.0,2016
492,10,6/24/2016 13:33:00,Games,SV,1,2.0,2016
493,10,6/24/2016 13:34:13,Games,SV,1,3.0,2016
494,10,6/24/2016 14:05:25,Games,SV,1,4.0,2016
495,10,6/24/2016 13:44:05,Intro,SV,1,3.0,2016
496,10,6/24/2016 13:45:50,Intro,SV,1,2.0,2016
497,10,6/24/2016 13:47:01,Intro,SV,1,3.0,2016
498,10,6/24/2016 13:49:01,Intro,SV,1,3.0,2016
499,10,6/24/2016 13:49:44,Intro,SV,1,3.0,2016
500,10,6/24/2016 13:50:23,Intro,SV,1,3.0,2016
501,6,7/22/2016 16:15:37,Games,LA,5,2.0,2016
502,8,7/22/2016 16:16:07,Intro,LA,5,3.0,2016
503,10,7/22/2016 16:16:20,Intro,LA,5,3.0,2016
504,8,7/22/2016 16:17:04,Games,LA,5,3.0,2016
505,8,7/22/2016 16:17:09,Intro,LA,5,3.0,2016
506,8,7/22/2016 16:18:23,Games,LA,5,3.0,2016
507,10,7/22/2016 16:18:45,Intro,LA,5,3.0,2016
508,8,7/22/2016 16:19:58,Games,LA,5,4.0,2016
509,10,7/22/2016 16:20:25,Games,LA,5,4.0,2016
510,10,7/22/2016 16:20:30,Intro,LA,5,3.0,2016
511,8,7/22/2016 16:23:12,Games,LA,5,3.0,2016
512,8,7/22/2016 16:23:19,Games,LA,5,3.0,2016
513,8,7/29/2016 15:17:19,Apps,SF,6,3.0,2016
514,6,7/29/2016 16:21:52,Apps,SF,6,4.0,2016
515,4,7/29/2016 16:22:54,Apps,SF,6,3.0,2016
516,8,7/29/2016 16:54:46,Apps,SF,6,3.0,2016
517,6,7/29/2016 22:40:39,Apps,SF,6,4.0,2016
518,10,7/31/2016 23:10:54,Apps,SF,6,3.0,2016
519,2,7/30/2016 11:06:02,Apps,SF,6,3.0,2016
520,6,7/29/2016 15:23:30,Apps,SF,6,3.0,2016
521,10,7/29/2016 15:29:56,Apps,SF,6,3.0,2016
522,8,7/29/2016 15:34:35,Apps,SF,6,3.0,2016
523,10,7/29/2016 15:25:23,Apps,SF,6,3.0,2016
524,10,7/29/2016 15:17:52,Games,SF,6,3.0,2016
525,10,7/29/2016 15:14:11,Games,SF,6,3.0,2016
526,8,7/29/2016 15:13:01,Games,SF,6,3.0,2016
527,10,7/29/2016 17:07:36,Games,SF,6,4.0,2016
528,10,7/29/2016 15:50:15,Games,SF,6,4.0,2016
529,6,7/29/2016 15:36:20,Games,SF,6,4.0,2016
530,10,7/29/2016 18:46:09,Intro,SF,6,3.0,2016
531,10,7/29/2016 16:09:44,Intro,SF,6,3.0,2016
532,6,7/29/2016 15:00:35,Intro,SF,6,4.0,2016
533,10,7/29/2016 15:02:01,Intro,SF,6,3.0,2016
534,10,7/29/2016 15:09:17,Intro,SF,6,3.0,2016
535,8,7/30/2016 9:00:15,VR,SF,6,3.0,2016
536,8,7/29/2016 21:45:54,VR,SF,6,4.0,2016
537,8,7/30/2016 13:09:48,VR,SF,6,3.0,2016
538,8,7/29/2016 19:18:44,Unknown,SG,6,3.0,2016
539,10,7/29/2016 23:12:48,Unknown,SG,6,5.0,2016
540,10,7/30/2016 5:46:01,Unknown,SG,6,3.0,2016
541,8,7/30/2016 7:02:47,Unknown,SG,6,3.0,2016
542,6,7/31/2016 7:40:14,Unknown,SG,6,5.0,2016
543,10,7/31/2016 8:34:29,Unknown,SG,6,3.0,2016
544,6,8/5/2016 13:37:43,Apps,SV,7,3.0,2016
545,10,8/5/2016 13:37:50,Apps,SV,7,3.0,2016
546,6,8/5/2016 13:39:25,Apps,SV,7,3.0,2016
547,8,8/5/2016 13:39:27,Apps,SV,7,3.0,2016
548,8,8/5/2016 13:41:05,Apps,SV,7,3.0,2016
549,8,8/5/2016 13:43:54,Apps,SV,7,3.0,2016
550,6,8/5/2016 13:34:26,Apps,SV,7,3.0,2016
551,6,8/5/2016 13:35:21,Apps,SV,7,3.0,2016
552,10,8/5/2016 13:35:36,Apps,SV,7,3.0,2016
553,8,8/5/2016 13:36:39,Apps,SV,7,4.0,2016
554,8,8/5/2016 13:39:14,Apps,SV,7,3.0,2016
555,8,8/5/2016 13:36:43,Apps,SV,7,3.0,2016
556,8,8/5/2016 13:49:53,Apps,SV,7,3.0,2016
557,10,8/5/2016 13:34:54,Apps,SV,7,3.0,2016
558,8,8/5/2016 13:38:26,Apps,SV,7,3.0,2016
559,6,8/5/2016 13:51:09,Apps,SV,7,1.0,2016
560,10,8/5/2016 13:52:31,Apps,SV,7,2.0,2016
561,10,8/5/2016 13:35:43,Apps,SV,7,3.0,2016
562,6,8/5/2016 13:38:05,Apps,SV,7,3.0,2016
563,8,8/5/2016 13:35:03,Apps,SV,7,3.0,2016
564,4,8/5/2016 13:36:44,Apps,SV,7,3.0,2016
565,6,8/5/2016 13:38:33,Apps,SV,7,3.0,2016
566,6,8/5/2016 13:40:07,Apps,SV,7,4.0,2016
567,10,8/5/2016 13:34:18,Apps,SV,7,5.0,2016
568,10,8/5/2016 13:34:53,Games,SV,7,4.0,2016
569,6,8/5/2016 13:38:00,Games,SV,7,3.0,2016
570,10,8/5/2016 13:51:41,Games,SV,7,3.0,2016
571,10,8/5/2016 13:34:04,Games,SV,7,4.0,2016
572,10,8/5/2016 13:32:40,Games,SV,7,5.0,2016
573,8,8/5/2016 15:07:12,Games,SV,7,3.0,2016
574,8,8/5/2016 13:36:23,Games,SV,7,3.0,2016
575,10,8/5/2016 13:51:20,Games,SV,7,3.0,2016
576,8,8/5/2016 13:39:45,Games,SV,7,4.0,2016
577,10,8/5/2016 14:44:00,Games,SV,7,3.0,2016
578,6,8/5/2016 14:03:39,Games,SV,7,3.0,2016
579,8,8/5/2016 13:47:15,Intro,SV,7,4.0,2016
580,8,8/5/2016 13:45:29,Intro,SV,7,3.0,2016
581,10,8/5/2016 13:49:31,Intro,SV,7,3.0,2016
582,10,8/5/2016 13:47:02,Intro,SV,7,3.0,2016
583,10,8/5/2016 13:48:45,Intro,SV,7,3.0,2016
584,10,8/5/2016 13:44:33,Intro,SV,7,3.0,2016
585,10,8/5/2016 13:43:43,Intro,SV,7,4.0,2016
586,8,8/5/2016 13:44:24,Intro,SV,7,4.0,2016
587,8,8/5/2016 13:43:17,Intro,SV,7,3.0,2016
588,10,8/5/2016 13:51:18,Intro,SV,7,3.0,2016
589,8,8/5/2016 13:43:35,Intro,SV,7,2.0,2016
590,6,8/7/2016 17:45:06,Apps,SV,7,3.0,2016
591,10,7/15/2016 6:28:26,Apps,NY,4,3.0,2016
592,10,7/15/2016 6:29:53,Apps,NY,4,3.0,2016
593,8,7/15/2016 6:30:09,Apps,NY,4,3.0,2016
594,8,7/15/2016 6:30:24,Apps,NY,4,3.0,2016
595,8,7/15/2016 6:31:29,Games,NY,4,4.0,2016
596,8,7/15/2016 6:31:36,Intro,NY,4,4.0,2016
597,8,7/15/2016 6:32:19,Apps,NY,4,4.0,2016
598,10,7/15/2016 6:36:55,Apps,NY,4,3.0,2016
599,8,7/15/2016 6:37:43,Apps,NY,4,5.0,2016
600,10,7/15/2016 6:57:30,Apps,NY,4,3.0,2016
601,8,7/15/2016 7:03:28,Apps,NY,4,4.0,2016
602,8,7/15/2016 7:30:38,Games,NY,4,4.0,2016
603,10,7/15/2016 7:37:15,Apps,NY,4,3.0,2016
604,8,7/15/2016 7:47:54,Games,NY,4,3.0,2016
605,8,7/15/2016 10:11:32,Apps,NY,4,3.0,2016
606,8,7/15/2016 10:18:52,Apps,NY,4,3.0,2016
607,6,7/8/2016 15:56:20,Apps,SF,3,2.0,2016
608,10,7/8/2016 16:02:55,Apps,SF,3,3.0,2016
609,6,7/8/2016 16:19:51,Apps,SF,3,3.0,2016
610,2,7/8/2016 16:34:12,Apps,SF,3,3.0,2016
611,10,7/8/2016 16:39:27,Apps,SF,3,2.0,2016
612,10,7/8/2016 16:46:21,Apps,SF,3,5.0,2016
613,6,7/8/2016 17:33:28,Apps,SF,3,5.0,2016
614,10,7/9/2016 14:23:38,Apps,SF,3,3.0,2016
615,10,7/10/2016 20:55:08,Apps,SF,3,3.0,2016
616,10,7/8/2016 15:58:04,Games,SF,3,3.0,2016
617,10,7/8/2016 16:08:03,Games,SF,3,4.0,2016
618,10,7/8/2016 15:55:12,Intro,SF,3,3.0,2016
619,8,7/8/2016 15:56:10,Intro,SF,3,3.0,2016
620,8,7/8/2016 15:58:45,Intro,SF,3,3.0,2016
621,8,7/8/2016 16:40:17,Intro,SF,3,4.0,2016
622,10,7/8/2016 18:34:39,Intro,SF,3,3.0,2016
623,10,7/9/2016 8:14:45,Intro,SF,3,3.0,2016
624,10,7/8/2016 16:23:15,VR,SF,3,3.0,2016
625,8,7/8/2016 16:27:30,VR,SF,3,4.0,2016
626,2,7/8/2016 17:18:49,VR,SF,3,5.0,2016
627,8,7/8/2016 19:14:34,VR,SF,3,4.0,2016
628,6,7/11/2016 12:10:26,Intro,SF,3,4.0,2016
629,8,7/11/2016 12:39:56,Intro,SF,3,4.0,2016
630,6,6/24/2016 7:03:34,Games,NY,1,5.0,2016
631,6,6/24/2016 7:10:22,Games,NY,1,3.0,2016
632,6,6/24/2016 7:03:41,Apps,NY,1,3.0,2016
633,8,6/24/2016 7:04:59,Intro,NY,1,3.0,2016
634,8,6/24/2016 7:07:02,Intro,NY,1,4.0,2016
635,8,6/24/2016 7:08:41,Intro,NY,1,4.0,2016
636,8,6/24/2016 7:09:30,Intro,NY,1,4.0,2016
637,8,6/24/2016 7:01:03,Games,NY,1,4.0,2016
638,8,6/24/2016 7:02:43,Games,NY,1,4.0,2016
639,8,6/24/2016 7:03:48,Games,NY,1,3.0,2016
640,8,6/24/2016 7:06:04,Games,NY,1,3.0,2016
641,8,6/24/2016 7:06:24,Games,NY,1,4.0,2016
642,8,6/24/2016 7:01:19,Apps,NY,1,4.0,2016
643,8,6/24/2016 7:01:29,Apps,NY,1,4.0,2016
644,8,6/24/2016 7:02:20,Apps,NY,1,4.0,2016
645,8,6/24/2016 7:03:24,Apps,NY,1,3.0,2016
646,8,6/24/2016 7:03:25,Apps,NY,1,4.0,2016
647,8,6/24/2016 7:03:58,Apps,NY,1,2.0,2016
648,8,6/24/2016 7:06:59,Apps,NY,1,3.0,2016
649,8,6/24/2016 7:07:06,Apps,NY,1,4.0,2016
650,8,6/24/2016 7:08:37,Apps,NY,1,4.0,2016
651,8,6/24/2016 7:08:51,Apps,NY,1,3.0,2016
652,10,6/24/2016 7:01:55,Intro,NY,1,3.0,2016
653,10,6/24/2016 7:03:41,Intro,NY,1,3.0,2016
654,10,6/24/2016 7:06:21,Intro,NY,1,4.0,2016
655,10,6/24/2016 7:07:00,Intro,NY,1,4.0,2016
656,10,6/24/2016 7:04:34,Games,NY,1,3.0,2016
657,10,6/24/2016 7:08:15,Games,NY,1,3.0,2016
658,10,6/24/2016 7:12:49,Games,NY,1,4.0,2016
659,10,6/24/2016 7:03:41,Apps,NY,1,3.0,2016
660,10,6/24/2016 7:03:58,Apps,NY,1,4.0,2016
661,10,6/24/2016 7:04:09,Apps,NY,1,3.0,2016
662,10,6/24/2016 7:04:11,Apps,NY,1,3.0,2016
663,10,6/24/2016 7:05:51,Apps,NY,1,4.0,2016
664,10,6/24/2016 7:06:58,Apps,NY,1,4.0,2016
665,10,6/24/2016 7:07:26,Apps,NY,1,3.0,2016
666,10,6/24/2016 7:08:43,Apps,NY,1,3.0,2016
667,10,6/24/2016 7:18:32,Apps,NY,1,4.0,2016
668,10,6/24/2016 8:22:55,Apps,NY,1,3.0,2016
669,6,7/1/2016 13:27:56,Apps,SV,2,4.0,2016
670,6,7/1/2016 13:29:33,Apps,SV,2,5.0,2016
671,6,7/1/2016 13:29:43,Apps,SV,2,3.0,2016
672,6,7/1/2016 13:30:28,Apps,SV,2,4.0,2016
673,6,7/1/2016 13:34:11,Apps,SV,2,3.0,2016
674,6,7/1/2016 13:35:20,Apps,SV,2,3.0,2016
675,6,7/1/2016 16:35:14,Apps,SV,2,3.0,2016
676,6,7/1/2016 17:01:13,Apps,SV,2,4.0,2016
677,6,7/2/2016 9:50:36,Apps,SV,2,3.0,2016
678,6,7/1/2016 10:36:57,Games,SV,2,3.0,2016
679,6,7/1/2016 10:41:44,Games,SV,2,5.0,2016
680,6,7/1/2016 10:47:58,Games,SV,2,3.0,2016
681,6,7/1/2016 10:56:51,Games,SV,2,3.0,2016
682,6,7/4/2016 23:02:16,Intro,SV,2,4.0,2016
683,8,7/1/2016 13:27:10,Apps,SV,2,3.0,2016
684,8,7/1/2016 13:28:59,Apps,SV,2,3.0,2016
685,8,7/1/2016 13:29:07,Apps,SV,2,3.0,2016
686,8,7/1/2016 13:29:40,Apps,SV,2,4.0,2016
687,8,7/1/2016 13:30:05,Apps,SV,2,4.0,2016
688,8,7/1/2016 13:30:53,Apps,SV,2,3.0,2016
689,8,7/1/2016 13:31:04,Apps,SV,2,4.0,2016
690,8,7/1/2016 13:39:46,Apps,SV,2,3.0,2016
691,8,7/1/2016 13:41:30,Apps,SV,2,4.0,2016
692,8,7/1/2016 13:49:17,Apps,SV,2,3.0,2016
693,8,7/1/2016 15:59:22,Apps,SV,2,3.0,2016
694,8,7/1/2016 15:59:54,Apps,SV,2,3.0,2016
695,8,7/1/2016 16:02:57,Apps,SV,2,3.0,2016
696,8,7/1/2016 16:30:11,Apps,SV,2,4.0,2016
697,8,7/1/2016 16:32:24,Apps,SV,2,4.0,2016
698,8,7/1/2016 17:51:29,Apps,SV,2,4.0,2016
699,8,7/1/2016 9:46:04,Games,SV,2,4.0,2016
700,8,7/1/2016 9:47:30,Games,SV,2,2.0,2016
701,8,7/1/2016 10:41:18,Games,SV,2,3.0,2016
702,8,7/1/2016 10:41:34,Games,SV,2,2.0,2016
703,8,7/1/2016 10:45:47,Games,SV,2,3.0,2016
704,8,7/1/2016 13:12:22,Intro,SV,2,3.0,2016
705,8,7/1/2016 13:19:07,Intro,SV,2,3.0,2016
706,8,7/1/2016 13:25:54,Intro,SV,2,3.0,2016
707,8,7/1/2016 13:28:33,Intro,SV,2,4.0,2016
708,8,7/1/2016 13:29:01,Intro,SV,2,4.0,2016
709,8,7/1/2016 13:33:15,Intro,SV,2,3.0,2016
710,8,7/1/2016 13:33:28,Intro,SV,2,3.0,2016
711,10,7/1/2016 13:29:47,Apps,SV,2,3.0,2016
712,10,7/1/2016 13:30:07,Apps,SV,2,3.0,2016
713,10,7/1/2016 13:32:18,Apps,SV,2,4.0,2016
714,10,7/1/2016 16:01:17,Apps,SV,2,3.0,2016
715,10,7/1/2016 16:02:10,Apps,SV,2,4.0,2016
716,10,7/1/2016 16:04:18,Apps,SV,2,3.0,2016
717,10,7/1/2016 16:44:38,Apps,SV,2,3.0,2016
718,10,7/1/2016 9:41:30,Games,SV,2,4.0,2016
719,10,7/1/2016 10:43:14,Games,SV,2,2.0,2016
720,10,7/1/2016 10:47:06,Games,SV,2,3.0,2016
721,10,7/1/2016 10:47:57,Games,SV,2,4.0,2016
722,10,7/1/2016 13:25:32,Intro,SV,2,2.0,2016
723,10,7/1/2016 13:26:00,Intro,SV,2,5.0,2016
724,10,7/1/2016 13:28:10,Intro,SV,2,2.0,2016
725,8,7/8/2016 7:36:11,Unknown,SG,3,3.0,2016
726,10,7/8/2016 22:05:05,Unknown,SG,3,3.0,2016
727,10,7/15/2016 13:20:35,Unknown,LA,4,3.0,2016
728,10,7/15/2016 13:22:22,Unknown,LA,4,3.0,2016
729,10,7/15/2016 14:35:15,Unknown,LA,4,3.0,2016
730,10,7/15/2016 15:05:10,Unknown,LA,4,4.0,2016
731,6,7/15/2016 15:12:36,Unknown,LA,4,3.0,2016
732,8,7/15/2016 16:59:37,Unknown,LA,4,3.0,2016
733,8,7/15/2016 17:10:52,Unknown,LA,4,3.0,2016
734,8,7/15/2016 19:32:26,Unknown,LA,4,3.0,2016
735,10,8/5/2016 11:13:01,Apps,SF,7,5.0,2016
736,6,8/5/2016 11:17:11,Apps,SF,7,3.0,2016
737,10,8/5/2016 11:17:52,Apps,SF,7,3.0,2016
738,10,8/5/2016 11:18:01,Apps,SF,7,4.0,2016
739,8,8/5/2016 11:20:15,Apps,SF,7,3.0,2016
740,10,8/5/2016 11:21:10,Apps,SF,7,3.0,2016
741,10,8/5/2016 12:11:04,Apps,SF,7,3.0,2016
742,8,8/5/2016 19:14:21,Apps,SF,7,4.0,2016
743,10,8/5/2016 11:39:18,Games,SF,7,3.0,2016
744,10,8/5/2016 12:27:18,Games,SF,7,4.0,2016
745,8,8/5/2016 11:20:43,Intro,SF,7,3.0,2016
746,8,8/5/2016 11:38:52,Intro,SF,7,4.0,2016
747,10,8/5/2016 11:56:23,Intro,SF,7,3.0,2016
748,10,8/5/2016 12:35:08,Intro,SF,7,3.0,2016
749,8,8/7/2016 10:45:47,Intro,SF,7,5.0,2016
750,10,8/5/2016 11:21:38,VR,SF,7,3.0,2016
751,2,8/8/2016 8:35:18,VR,SF,7,3.0,2016
752,6,8/8/2016 8:39:01,VR,SF,7,5.0,2016
753,4,8/8/2016 9:41:39,VR,SF,7,2.0,2016
754,8,7/29/2016 13:46:28,Apps,SV,6,3.0,2016
755,10,7/29/2016 13:52:16,Apps,SV,6,3.0,2016
756,10,7/29/2016 16:10:41,Apps,SV,6,4.0,2016
757,8,7/29/2016 15:10:27,Apps,SV,6,3.0,2016
758,6,7/29/2016 14:18:21,Apps,SV,6,3.0,2016
759,6,7/29/2016 15:25:45,Apps,SV,6,3.0,2016
760,8,7/29/2016 16:41:48,Apps,SV,6,3.0,2016
761,10,7/29/2016 15:26:20,Apps,SV,6,3.0,2016
762,4,7/29/2016 13:20:33,Apps,SV,6,2.0,2016
763,8,7/29/2016 13:24:45,Apps,SV,6,3.0,2016
764,6,7/29/2016 13:47:43,Apps,SV,6,3.0,2016
765,10,7/29/2016 15:31:26,Apps,SV,6,3.0,2016
766,10,7/29/2016 15:28:06,Apps,SV,6,2.0,2016
767,6,7/29/2016 13:44:38,Games,SV,6,3.0,2016
768,8,7/29/2016 15:36:04,Games,SV,6,3.0,2016
769,8,7/29/2016 13:26:06,Games,SV,6,3.0,2016
770,10,7/29/2016 15:02:27,Games,SV,6,3.0,2016
771,8,7/29/2016 15:15:48,Games,SV,6,3.0,2016
772,8,7/29/2016 13:35:17,Games,SV,6,4.0,2016
773,8,7/29/2016 13:27:19,Games,SV,6,4.0,2016
774,6,7/29/2016 14:40:29,Games,SV,6,4.0,2016
775,8,7/29/2016 15:06:33,Games,SV,6,3.0,2016
776,8,7/29/2016 15:17:23,Games,SV,6,4.0,2016
777,8,7/29/2016 13:23:48,Games,SV,6,2.0,2016
778,10,7/29/2016 13:17:25,Intro,SV,6,3.0,2016
779,10,7/29/2016 13:19:14,Intro,SV,6,2.0,2016
780,10,7/29/2016 13:17:38,Intro,SV,6,3.0,2016
781,10,7/29/2016 13:46:22,Intro,SV,6,4.0,2016
782,6,7/29/2016 13:21:13,Intro,SV,6,4.0,2016
783,8,7/29/2016 13:11:56,Intro,SV,6,3.0,2016
784,8,7/29/2016 13:15:55,Intro,SV,6,3.0,2016
785,8,7/29/2016 13:16:10,Intro,SV,6,3.0,2016
786,8,7/29/2016 13:19:58,Intro,SV,6,3.0,2016
787,10,7/29/2016 13:17:35,Intro,SV,6,3.0,2016
788,8,7/29/2016 13:24:51,Intro,SV,6,2.0,2016
789,10,7/29/2016 0:19:08,Unknown,HK,6,3.0,2016
790,8,7/29/2016 0:22:41,Unknown,HK,6,3.0,2016
791,10,7/29/2016 0:23:17,Unknown,HK,6,3.0,2016
792,10,7/22/2016 13:29:33,Apps,NY,5,5.0,2016
793,10,7/22/2016 13:35:20,Apps,NY,5,3.0,2016
794,8,7/22/2016 13:36:39,Apps,NY,5,3.0,2016
795,8,7/22/2016 13:37:15,Apps,NY,5,3.0,2016
796,10,7/22/2016 13:40:21,Apps,NY,5,3.0,2016
797,8,7/22/2016 13:44:52,Apps,NY,5,4.0,2016
798,6,7/22/2016 13:50:50,Games,NY,5,5.0,2016
799,8,7/22/2016 13:50:50,Apps,NY,5,4.0,2016
800,10,7/22/2016 13:51:22,Apps,NY,5,4.0,2016
801,8,7/22/2016 13:51:35,Games,NY,5,3.0,2016
802,8,7/22/2016 13:51:36,Apps,NY,5,3.0,2016
803,8,7/22/2016 13:51:44,Games,NY,5,4.0,2016
804,8,7/22/2016 13:52:05,Intro,NY,5,3.0,2016
805,8,7/22/2016 13:52:19,Apps,NY,5,3.0,2016
806,10,7/22/2016 13:52:41,Games,NY,5,3.0,2016
807,8,7/22/2016 13:53:19,Apps,NY,5,3.0,2016
808,10,7/22/2016 13:53:31,Games,NY,5,3.0,2016
809,8,7/22/2016 13:53:56,Apps,NY,5,3.0,2016
810,10,7/22/2016 13:54:46,Games,NY,5,3.0,2016
811,10,7/22/2016 13:54:52,Apps,NY,5,3.0,2016
812,8,7/22/2016 13:57:13,Games,NY,5,3.0,2016
813,4,7/1/2016 16:35:14,Apps,SF,2,3.0,2016
814,6,7/1/2016 16:10:55,Apps,SF,2,2.0,2016
815,6,7/1/2016 17:00:26,Apps,SF,2,3.0,2016
816,6,7/3/2016 14:53:37,Apps,SF,2,3.0,2016
817,8,7/1/2016 15:35:19,Apps,SF,2,2.0,2016
818,8,7/1/2016 15:51:23,Apps,SF,2,2.0,2016
819,8,7/1/2016 16:07:02,Apps,SF,2,5.0,2016
820,8,7/1/2016 16:07:26,Apps,SF,2,3.0,2016
821,8,7/1/2016 16:08:19,Apps,SF,2,4.0,2016
822,8,7/1/2016 16:12:30,Apps,SF,2,4.0,2016
823,8,7/1/2016 16:19:32,Apps,SF,2,3.0,2016
824,8,7/1/2016 16:21:07,Apps,SF,2,5.0,2016
825,8,7/1/2016 16:41:10,Apps,SF,2,3.0,2016
826,8,7/1/2016 17:06:05,Apps,SF,2,3.0,2016
827,8,7/1/2016 17:18:27,Apps,SF,2,3.0,2016
828,8,7/1/2016 19:06:08,Apps,SF,2,2.0,2016
829,8,7/2/2016 0:32:56,Apps,SF,2,3.0,2016
830,10,7/1/2016 16:05:40,Apps,SF,2,3.0,2016
831,10,7/1/2016 16:07:13,Apps,SF,2,2.0,2016
832,10,7/1/2016 16:07:24,Apps,SF,2,3.0,2016
833,10,7/1/2016 16:07:58,Apps,SF,2,3.0,2016
834,10,7/1/2016 16:07:58,Apps,SF,2,4.0,2016
835,10,7/1/2016 16:08:49,Apps,SF,2,3.0,2016
836,10,7/1/2016 16:10:20,Apps,SF,2,3.0,2016
837,10,7/1/2016 16:10:46,Apps,SF,2,2.0,2016
838,10,7/1/2016 16:12:17,Apps,SF,2,3.0,2016
839,10,7/1/2016 16:19:33,Apps,SF,2,4.0,2016
840,10,7/1/2016 16:22:03,Apps,SF,2,3.0,2016
841,8,7/1/2016 16:10:34,Games,SF,2,4.0,2016
842,8,7/1/2016 16:23:13,Games,SF,2,5.0,2016
843,10,7/1/2016 16:07:04,Games,SF,2,3.0,2016
844,10,7/1/2016 16:15:04,Games,SF,2,3.0,2016
845,10,7/1/2016 16:15:41,Games,SF,2,3.0,2016
846,10,7/1/2016 16:16:13,Games,SF,2,3.0,2016
847,10,7/1/2016 16:17:34,Games,SF,2,3.0,2016
848,10,7/1/2016 16:18:02,Games,SF,2,3.0,2016
849,10,7/1/2016 16:18:02,Games,SF,2,3.0,2016
850,6,7/1/2016 15:40:51,Intro,SF,2,3.0,2016
851,8,7/1/2016 15:38:22,Intro,SF,2,2.0,2016
852,8,7/1/2016 15:40:24,Intro,SF,2,3.0,2016
853,8,7/1/2016 15:40:28,Intro,SF,2,3.0,2016
854,8,7/1/2016 15:42:15,Intro,SF,2,3.0,2016
855,8,7/1/2016 15:49:06,Intro,SF,2,4.0,2016
856,8,7/1/2016 15:50:59,Intro,SF,2,4.0,2016
857,8,7/1/2016 16:20:36,Intro,SF,2,4.0,2016
858,8,7/1/2016 17:13:25,Intro,SF,2,4.0,2016
859,8,7/5/2016 9:48:32,Intro,SF,2,3.0,2016
860,8,7/5/2016 16:07:37,Intro,SF,2,4.0,2016
861,8,7/5/2016 16:10:40,Intro,SF,2,3.0,2016
862,8,7/5/2016 16:11:11,Intro,SF,2,3.0,2016
863,10,7/1/2016 16:24:01,Intro,SF,2,4.0,2016
864,10,7/4/2016 18:31:39,Intro,SF,2,3.0,2016
865,10,7/5/2016 9:39:22,Intro,SF,2,3.0,2016
866,10,7/5/2016 10:15:27,Intro,SF,2,3.0,2016
867,10,7/5/2016 16:09:01,Intro,SF,2,3.0,2016
868,2,7/2/2016 12:45:15,VR,SF,2,3.0,2016
869,4,7/2/2016 12:49:55,VR,SF,2,3.0,2016
870,4,7/5/2016 12:00:21,VR,SF,2,3.0,2016
871,10,7/1/2016 15:35:33,VR,SF,2,3.0,2016
872,10,7/2/2016 21:55:49,VR,SF,2,3.0,2016
873,10,7/5/2016 11:30:35,VR,SF,2,3.0,2016
874,10,7/5/2016 18:24:11,VR,SF,2,3.0,2016
875,6,6/23/2016 15:55:12,Unknown,LA,1,4.0,2016
876,8,6/23/2016 16:14:04,Unknown,LA,1,4.0,2016
877,8,6/24/2016 0:18:42,Unknown,LA,1,4.0,2016
878,8,6/24/2016 6:59:42,Unknown,LA,1,4.0,2016
879,8,6/24/2016 9:40:16,Unknown,LA,1,5.0,2016
880,10,6/23/2016 22:07:29,Unknown,LA,1,4.0,2016
881,10,6/24/2016 9:34:14,Unknown,LA,1,3.0,2016
882,8,7/1/2016 5:41:15,Unknown,SG,2,3.0,2016
883,6,7/1/2016 8:52:52,Unknown,SG,2,3.0,2016
884,6,7/2/2016 7:49:54,Unknown,SG,2,5.0,2016
885,6,7/3/2016 19:14:57,Unknown,SG,2,3.0,2016
886,8,7/3/2016 19:21:48,Unknown,SG,2,4.0,2016
887,8,7/3/2016 19:27:27,Unknown,SG,2,3.0,2016
888,6,7/3/2016 20:00:26,Unknown,SG,2,3.0,2016
889,6,7/4/2016 3:03:20,Unknown,SG,2,3.0,2016
890,8,7/8/2016 12:52:08,Games,SV,3,2.0,2016
891,8,7/9/2016 15:22:45,Apps,SV,3,3.0,2016
892,6,7/8/2016 21:26:01,Games,SV,3,3.0,2016
893,6,7/8/2016 13:52:01,Apps,SV,3,3.0,2016
894,6,7/8/2016 14:00:28,Apps,SV,3,4.0,2016
895,8,7/8/2016 14:42:40,Apps,SV,3,3.0,2016
896,6,7/8/2016 14:03:46,Apps,SV,3,4.0,2016
897,10,7/8/2016 16:40:10,Apps,SV,3,4.0,2016
898,6,7/8/2016 13:58:12,Apps,SV,3,4.0,2016
899,10,7/8/2016 13:53:19,Apps,SV,3,4.0,2016
900,10,7/8/2016 15:59:30,Apps,SV,3,2.0,2016
901,8,7/8/2016 16:11:32,Apps,SV,3,4.0,2016
902,8,7/8/2016 12:49:05,Games,SV,3,5.0,2016
903,6,7/8/2016 12:49:16,Games,SV,3,3.0,2016
904,8,7/8/2016 12:47:42,Games,SV,3,3.0,2016
905,8,7/8/2016 12:43:44,Intro,SV,3,3.0,2016
906,6,7/8/2016 13:55:51,Apps,SV,3,3.0,2016
907,8,7/8/2016 14:02:54,Games,SV,3,3.0,2016
908,8,7/8/2016 14:29:22,Games,SV,3,3.0,2016
909,8,7/9/2016 17:05:33,Games,SV,3,2.0,2016
910,10,7/8/2016 16:55:21,Apps,SV,3,3.0,2016
911,10,7/8/2016 16:08:13,Games,SV,3,3.0,2016
912,6,7/8/2016 13:56:39,Apps,SV,3,3.0,2016
913,6,7/8/2016 14:03:35,Apps,SV,3,2.0,2016
914,6,7/8/2016 13:51:14,Games,SV,3,5.0,2016
915,6,7/8/2016 12:41:10,Intro,SV,3,4.0,2016
916,6,7/8/2016 12:41:13,Intro,SV,3,4.0,2016
917,6,7/8/2016 12:41:51,Intro,SV,3,3.0,2016
918,6,7/8/2016 12:43:35,Intro,SV,3,3.0,2016
919,6,7/8/2016 12:45:11,Intro,SV,3,3.0,2016
920,6,7/8/2016 12:47:39,Intro,SV,3,3.0,2016
921,6,7/8/2016 13:01:58,Intro,SV,3,4.0,2016
922,6,7/10/2016 23:44:41,Games,SV,3,4.0,2016
923,8,7/8/2016 16:41:06,Apps,SV,3,3.0,2016
924,8,7/8/2016 13:07:39,Games,SV,3,3.0,2016
925,8,7/8/2016 12:45:02,Intro,SV,3,3.0,2016
